tidak_baku,kata_baku
22nya,dua-duanya
aaaaaaakkk,ah
aaaaahhhh,ah
aaaammmiiiinnnn,amin
aaahh,ah
aaamiiin,amin
aaamiiinnn,amin
aaamin,amin
aahh,ah
aama,sama
aamien,amien
aamiiiiinnn,amin
aamiiiinnnnn,amin
aamiiin,amin
aamiin,amin
aamiinin,amin
aamiinnn,amin
aamin,amin
"abal""",abal-abal
abal2,abal-abal
abanggg,abang
abanggku,abangku
abeees,habis
abes,habis
abez,habis
abg,abang
abgnya,abangnya
abgnyaah,abangnya
abiiiiisssss,habis
abiiiss,habis
abis,habis
abis2,habis-habis
abisnya,habisnya
abiss,habis
abissnya,habisnya
abisss,habis
abissss,habis
abiz,habis
abizzz,habis
abizzzz,habis
about,tentang
abs,habis
accent,aksen
accentnya,aksennya
acer,lumayan
achievement,prestasi
achievment,prestasi
acra,acara
act,akting
action,aksi
actor,aktor
actornya,aktornya
actually,sebenarnya
ad,ada
ada,ada
ada2,ada-ada
adaa,ada
adain,mengadakan
adain,adakan
adapin,menghadapi
add,ada
add,tambahkan
addicted,kecanduan
adding,menambahkan
adds,menambahkan
ade,adek
adeeek,adek
adek2,adek-adek
adekx,adeknya
ademm,adem
ademmm,adem
adengan,adegan
adenya,adeknya
adeuh,aduh
adiik,adik
adik,adik
adkah,adakah
adl,adalah
adlh,adalah
adlinya,alurnya
admit,mengakui
adroid,android
ads,iklan
aduhh,aduh
aduhhh,aduh
aduhhhhhhhhh,aduh
aduuh,aduh
aduuhh,aduh
aduuhhh,aduh
aduuhhhh,aduh
aduuuh,aduh
adventure,petualangan
advice,nasihat
adyem,adem
ae,saja
aee,saja
aelah,alah
aer,air
after,setelah
again,lagi
againn,lagi
agama'ny,agamanya
agan2,agan-agan
agk,agak
agma,agama
ago,yang lalu
ahahahanjirrr,anjir
ahh,ah
ahhh,ah
ahhhh,ah
airport,bandara
aj,saja
aja,saja
ajaa,saja
ajaaa,saja
ajaaahhhhh,saja
ajah,saja
ajahhh,saja
ajaibb,ajaib
ajaibbbbb,ajaib
ajakin,mengajak
ajalah,sajalah
ajarin,ajarkan
aje,saja
ajg,ajg
ajh,saja
ajha,saja
ajhh,saja
ajibb,ajib
ajj,saja
ajja,saja
ajjh,saja
ak,aku
akan,akan
akau,aku
akhirt,akhirat
akhlah,akhlak
akhrt,akhirat
akn,akan
aktifitasnya,aktivitasnya
aku,aku
akuh,aku
akuhh,aku
akuu,aku
akuuu,aku
akuuuur,akur
ala2,ala-ala
alaami,alami
alak,kepala
alamii,alami
alamiii,alami
alassnnya,alasannya
alcohol,alkohol
alhamd,alhamdulillah
alhamdulillaaaaah,alhamdulillah
alissnyaa,alisnya
alkhamdulilah,alhamdulillah
all,semua
allaahh,allah
allahh,allah
allahhhh,allah
allahhhhhhh,allah
allhamdulillah,alhamdulillah
alloh,allah
alm,almarhum
almh,almarhumah
almost,hampir
aloh,allah
alot,banyak
already,sudah
alright,baiklah
also,juga
although,meskipun
alu,aku
alur,alur
alus,halus
always,selalu
am,sama
ama,sama
amaattt,amat
amad,amat
amatt,amat
amazing,menakjubkan
ambilin,mengambil
ameen,amin
amen,amin
amfun,ampun
amiend,amien
amienn,amien
amiennn,amien
amiennnn,amien
amiien,amien
amiiiiiiiiiiiiiiiiin,amin
amiiiiiiiiiiin,amin
amiiiiiiiiiinnnnnnn,amin
amiiiiin,amin
amiiiiinnn,amin
amiiiiinnnnn,amin
amiiiin,amin
amiiin,amin
amiiinn,amin
amiiinnn,amin
amiiinnnn,amin
amiin,amin
amiinn,amin
amiinnn,amin
amiinnnn,amin
amin2,amin-amin
aminn,amin
aminn2,amin-amin
aminnn,amin
aminnnn,amin
aminnnn2,amin-amin
aminnnnn,amin
amit2,amit-amit
ammiiin,amin
ammin,amin
amohhh,kamu
amount,jumlah
ampe,sampai
amploppp,amplop
ampun,ampun
ampunn,ampun
ampunnnn,ampun
ampunnnnn,ampun
ampuun,ampun
ampuunn,ampun
ampuuun,ampun
ampuuunn,ampun
ampyunnnn,ampun
amu,kamu
an,sebuah
anak'y,anaknya
"anak""",anak-anak
anak2,anak-anak
anak2e,anak-anaknya
anak2mu,anak-anakmu
anak2nya,anak-anaknya
anakny,anaknya
anakx,anaknya
ancur,hancur
ancurrr,hancur
and,dan
andaaa,anda
andd,dan
aned,banget
anedh,banget
aneed,banget
aneh2,aneh-aneh
anehhh,aneh
aneut,banget
animation,animasi
anj,anjing
anjaaaayyyyyy,anjay
anjaayy,anjay
anjayyyy,anjay
anjg,anjing
anjingnyaa,anjingnya
anjir,anjir
anjirr,anjir
anjirrr,anjir
anjirrrr,anjir
anjjjjjjjj,anjing
ank,anak
"ank""",anak-anak
ank2,anak-anak
ank2nya,anak-anaknya
ankknyaaa,anaknya
anknya,anaknya
ankx,anaknya
annnnjjjjjjrrrr,anjir
annoyed,kesal
annoying,menjengkelkan
another,lain
answer,jawaban
anterin,antar
anterin,antarkan
anugrah,anugerah
any,apa pun
anyeng,anjing
anymore,lagi
anymoreee,lagi
anything,apa pun
anyway,bagaimanapun
ap,apa
"apa""",apa-apa
apa2,apa-apa
apa2nya,apa-apanya
apaa,apa
apaaa,apa
apaaan,apaan
apaalahh,apalah
apaan,apa
apah,apa
apain,apai
apakah,apakah
apal,hapal
apalagi,apalagi
apalagiii,apalagi
apalai,apalagi
apalg,apalagi
apalgi,apalagi
apasihhh,apasih
ape,apa
apikkkk,apik
aplikasiin,mengaplikasikan
aplks,aplikasi
apo,apa
app,aplikasi
appa,apa
appeare,muncul
appears,muncul
applikasi,aplikasi
appnya,aplikasinya
appreciate,menghargai
apun,apapun
apus,hapus
aq,aku
aqu,aku
arab2,arab-arab
are,adalah
arghhh,ah
arigato,terima kasih
art,seni
"artis""",artis-artis
artis2,artis-artis
artisnyaa,artisnya
"artist""",artis-artis
artix,artinya
artnya,seninya
as,sebagai
asik,asyik
asikk,asyik
asikkk,asik
asliii,asli
asliiii,asli
asliiiii,asli
aslinyo,aslinya
astafirullah,astagfirullah
astagaa,astaga
astagaaa,astaga
astagaaaa,astaga
astagaaaaaa,astaga
astagaaaaaaaa,astaga
astagfirrullah,astagfirullah
astagfirullh,astagfirullah
astauviruloh,astagfirullah
astgfrlh,astagfirullah
astgfrullah,astagfirullah
asuuu,asu
asyeek,asyik
asyik,asyik
asyikkkkk,asyik
at,di
atassan,atasan
atassss,atas
"ati""",hati-hati
ati2,hati-hati
atmosphere,atmosfer
ato,atau
ats,atas
attention,perhatian
atu,satu
atuhh,atuh
atuhhh,atuh
atutt,takut
atuu,satu
atw,atau
aurot,aurat
authorization,otorisasi
auto,otomatis
automatically,secara otomatis
autuhh,tau tuh
awaas,awas
awal2,awal-awal
awalny,awalnya
awesome,luar biasa
awk,awak
awl,awal
awoohhh,allah
awsome,luar biasa
ayahh,ayah
ayank,sayang
ayo,ayo
ayoklaa,ayolah
ayoo,ayo
ayooo,ayo
ayoook,ayo
ayoookkkkkk,ayo
ayoooo,ayo
ayooook,ayo
ayuk,ayo
ayukk,yuk
aza,saja
azaab,azab
azeeeek,asik
azekkkk,asik
b2,berdua
b2an,berduaan
b3,bertiga
baaaaaang,bang
baaiikkk,baik
baang,bang
baanget,banget
baanggeettt,banget
babget,banget
baca2,baca-baca
bacaaaa,baca
bacahalah,bacalah
back,kembali
bacotin,bacoti
bad,buruk
badaaiii,badai
badaii,badai
badingkan,membandingkan
bae2,baik-baik
baek,baik
baek2,baik-baik
bagaatt,banget
bagaimanaaa,bagaimana
bagaimna,bagaimana
baget,banget
bagi2,bagi-bagi
bagiii,bagi
bagiin,bagikan
bagiin,membagikan
bagis,bagus
bagus,bagus
bagus2,bagus-bagus
bagusnya,bagusnya
bagusnyeee,bagusnya
baguss,bagus
bagusss,bagus
bagussss,bagus
bagusssss,bagus
bagusssssss,bagus
baguusss,bagus
baguuus,bagus
baguuusssss,bagus
baguuuuus,bagus
baguuuuuusssss,bagus
bahas2,bahas-bahas
baik2,baik-baik
baik2nya,baik-baiknya
baikk,baik
baikxa,baiknya
baju.a,bajunya
baju'a,bajunya
baju2,baju-baju
bakal,akan
bakalan,akan
bakar2in,bakar-bakari
bakattt,bakat
bales,balas
bales2in,balas-membalas
balesin,membalas
balik,kembali
baliknya,kembalinya
bandingin,bandingkan
bang,abang
bangat,banget
bangcat,bangsat
bange,banget
banged,banget
bangedd,banget
bangedt,banget
bangeeeeeetttttttt,banget
bangeeeeet,banget
bangeeeeetttt,banget
bangeeeet,banget
bangeeet,banget
bangeeettt,banget
bangeer,banget
bangeet,banget
bangeett,banget
bangeettt,banget
banger,banget
banget,banget
bangets,banget
bangett,banget
bangettt,banget
bangetttt,banget
bangettttt,banget
bangetttttt,banget
bangettttttt,banget
bangetttttttt,banget
bangetttttyt,banget
bangg,bang
"bangga""in",membangga-banggakan
bangga2in,membangga-banggakan
banggain,banggakan
bangget,banget
banggett,banget
bangke,bangkai
bangkret,bangkrut
bangrt,banget
bangshad,bangsat
bangst,bangsat
bangt,banget
"bangt""",banget-banget
banhet,banget
bante,bantai
bantuanny,bantuannya
bantuanya,bantuannya
bantuim,bantu
bantuuin,bantu in
banx,bang
banyaaaaaak,banyak
banyaaaak,banyak
banyaak,banyak
banyak,banyak
banyak2,banyak-banyak
banyakin,membanyaki
banyakkan,banyakan
banyakkin,banyakin
bape,bawa perasaan
bapeeeer,bawa perasaan
bapeerr,bawa perasaan
baper,bawa perasaan
baperr,bawa perasaan
baraang,barang
barang,barang
barang2,barang-barang
barangya,barangnya
baranngya,barangnya
barengg,bareng
baru,baru
baru2,baru-baru
baruu,baru
basodaraa,bersaudara
bastard,bajingan
bat,banget
batesin,batasi
batikk,batik
batre,baterai
battt,banget
batwc,banget
"bawa""",bawa-bawa
bawa2,bawa-bawa
bawak,bawa
bayak,banyak
bayangin,bayangkan
bazengg,bajingan
bbrp,beberapa
bbrpa,beberapa
bc,baca
bca,baca
bcause,because
bcnda,bercanda
bdampingan,berdampingan
bdan,badan
bdn,badan
beast,beast
beautiful,cantik
beberapa,beberapa
bebrp,beberapa
beby,baby
became,menjadi
because,karena
beda,beda
beda2,beda-beda
bedaa,beda
bedaaa,beda
bedain,membedakan
bedainnya,membedakannya
bedanyaaa,bedanya
bedua,berdua
been,telah
begete,banget
begini,begini
beginii,begini
beginiiii,begini
beginner,pemula
beginning,awal
begok,bego
being,menjadi
bejilbbnya,berjilbabnya
"bela""in",membela-bela
bela2in,membela-bela
belain,membela
belanjaa,belanja
beli,beli
beliiin,belikan
beliin,membelikan
beliin,belikan
belinya,belinya
bellain,membela
belom,belum
belooomm,belum
beluumm,belum
benahin,membenahi
"benar""",benar-benar
benar2,benar-benar
benarin,membenarkan
benda,benda
benda2,benda-benda
bener,benar
"bener""",benar-benar
bener2,benar-benar
beneraan,benaran
beneran,benaran
benerinnya,benarinnya
benerr,benar
benet,benar
benetaran,benaran
bengkak2,bengkak-bengkak
benneeeeeerr,benar
bentar,sebentar
bentarr,bentar
ber'expresi,berekspresi
ber2,berdua
beraiki,perbaiki
berangat,berangkat
berani2,berani-berani
berarto,berarti
berati,berarti
beratttttttt,berat
berbakiti,berbakti
berbeda2,berbeda-beda
berbiiiiiihhh,barbie
berenanh,berenang
berfikir,berpikir
bergunaa,berguna
berhijap,berhijab
beri,beri
berjinah,berzina
berkaryaaa,berkarya
berkelass,berkelas
berkluarga,berkeluarga
bermaksut,bermaksud
berntung,beruntung
bertatto,bertato
bertolernsi,bertoleransi
berulang,berulang
beruntung,beruntung
beruntungnyaaaa,beruntungnya
"besar""",besar-besar
besar2an,besar-besaran
besar2in,besar-besarkan
besarin,membesarkan
besokkk,besok
besook,besok
best,terbaik
bestest,paling baik
bet,banget
betlokasi,bet lokasi
bets,banget
bett,bet
better,lebih baik
bettt,banget
betul,betul
betul2,betul-betul
betuuuuulllllllllllllllll,betul
beud,banget
beudd,banget
beuh,beuh
beut,banget
beuttttttt,banget
bg,bang
bgai,bagi
bgd,banget
bgect,banget
bget,banget
bgettt,banget
bgi,bagi
bgini,begini
bgitu,begitu
bgmana,bagaimana
bgmn,bagaimana
bgmna,bagaimana
bgni,begini
bgs,bagus
bgslah,baguslah
bgst,bangsat
bgt,banget
bgtt,banget
bgttt,banget
bgtttt,banget
bgttttt,banget
bgttttttt,banget
bgtttttttt,banget
bgtu,begitu
bgtuu,begitu
bgun,bangun
bgung,bingung
bgus,bagus
bgussss,bagus
bhagaia,bahagia
bhagia,bahagia
bhas,bahas
bhet,banget
bhgia,bahagia
bhgiain,membahagiakan
bhijab,berhijab
bhkn,bahkan
bhn,bahan
bhnya,bahannya
bhs,bahasa
bhsa,bahasa
bhw,bahwa
bhwa,bahwa
biar,biar
biarin,biarkan
biasa,biasa keren
biasa2,biasa-biasa
biasaa,biasa
biasaaa,biasa
biasaaaa,biasa
biasahhh,biasa
bijak2,bijak-bijak
bijin,bikin
biki,bikin
bikin,bikin
bikinin,bikin
bikinin,membikin
bikinnn,bikin
"bilang""",bilang-bilang
bilang2,bilang-bilang
bilangg,bilang
bilangin,bilang
bilanh,bilang
bilng,bilang
binggo,banget
binggung,bingung
bingiiittttzzzz,banget
bingiiittzz,banget
bingiit,banget
bingiittt,banget
bingit,banget
bingits,banget
bingitss,banget
bingitsss,banget
bingitt,banget
bingittt,banget
bingittzz,banget
bingitzzzz,banget
bingiztt,banget
bintang,bintang
bird,biru
biri,biru
bisaa,bisa
bisaaa,bisa
bisax,bisanya
bissa,bisa
biza,bisa
bjir,anjir
bju,baju
bka,buka
bkal,bakal
bkan,bukan
bkin,bikin
bkln,bakalan
bkn,bukan
bkn,bikin
blajar,belajar
blakon,berlakon
blank,kosong
bleh,boleh
blg,bilang
blh,boleh
bli,beli
bli2n,beli-belikan
blik,balik
blim,belum
bljr,belajar
blkang,belakang
blkng,belakang
blln,bulan
blm,belum
bln,bulan
blng,bilang
blnja,belanja
bloghhh,goblok
blom,belum
bls,balas
blum,belum
bnda,bunda
bner,benar
"bner""",benar-benar
bner2,benar-benar
bneraan,benaran
bneran,benaran
bnern,benaran
bnerr,benar
bng,bang
bngatt,banget
bngeeeetttt,banget
bngeet,banget
bnget,banget
bngett,banget
bngettt,banget
bngetttt,banget
bnggain,banggakan
bngkit,bangkit
bngt,banget
bngtt,banget
bngttt,banget
bngtttt,banget
bngtzt,banget
bngun,bangun
bngunlah,bangunlah
bngy,banget
bnk,bang
bnr,benar
bnr2,benar-benar
bnran,benaran
bnrn,benaran
bntang,bintang
bntar,bentar
bntng,bintang
bntr,bentar
bntu,bantu
bnyak,banyak
bnyk,banyak
bo'ong,bohong
bodhoo,bodoh
bodhooo,bodoh
boker,berak
bol3h,boleh
bolang,bocah petualang
bole,boleh
boleh2,boleh-boleh
boong,bohong
bored,bosan
boring,membosankan
boro2,boro-boro
borooosss,boros
borooossss,boros
boros,boros
boross,boros
borosss,boros
borossss,boros
bos,bos
bosaan,bosan
bosen,bosan
bosen2,bosan-bosan
bosenin,membosankan
bosenin,bosan in
boss,bos
botakin,botaki
botakkkk,botak
bother,mengganggu
botos,boros
bpkmu,bapakmu
bpknya,bapaknya
bqgus,bagus
br,baru
bradegan,beradegan
brain,otak
brangnya,barangnya
brani,berani
branjak,beranjak
brantem,berantem
brapa,berapa
brarti,berarti
brasa,berasa
brayyy,bray
brbakti,berbakti
brbeda,berbeda
brbuat,berbuat
brdiri,berdiri
brdua,berdua
brengsekk,brengsek
bres,beres
brg,bareng
brg,barang
"brg""",bareng-bareng
brhasil,berhasil
brhjb,berhijab
brings,membawa
brisi,berisi
brita,berita
britanya,beritanya
brjdh,berjodoh
brjodoh,berjodoh
brkunjun,berkunjung
broken,rusak
bronis,brondong manis
brp,berapa
brpa,berapa
brpndapat,berpendapat
brrt,berarti
brrti,berarti
brsama,bersama
brsma,bersama
brsyukur,bersyukur
brtngkar,bertengkar
bru,baru
brubah,berubah
brusaha,berusaha
bs,bisa
bsa,bisa
bsk,besok
bsok,besok
bt,buat
bt,but
btuh,butuh
btul,betul
btulan,betulan
buagus,bagus
buagusss,bagus
buanget,banget
buanyaaak,banyak
buatin,buatkan
buatin,membuat
buatt,buat
bujngn,bujangan
bujukk,bujuk
buka2,buka-buka
buka2an,buka-bukaan
bukak,buka
bukan'a,bukannya
bukn,bukan
bukti2,bukti-bukti
buktiin,buktikan
buktiin,membuktikan
buktinyaaa,buktinya
bulet,bulat
bund,bunda
bundaa,bunda
bundaaa,bunda
bundaaaa,bunda
bunga2,bunga-bunga
bungggg,bung
bungkusin,bungkuskan
bungkuuussss,bungkus
bungkuuuuuuuuusss,bungkus
burem,buram
"Buruan join skarang?""",zeroisasi
"Buruan join skarang?""",monoftongisasi
"Buruan join skarang?""",abreviasi
"Buruan join skarang?""",reduplikasi
"Buruan join skarang?""",afiksasi
"Buruan join skarang?""",elongasi
buruann,buruan
buruannn,buruan
busa,busa
busedh,buset
buseett,buset
busy,sibuk
but,tapi
button,tombol
butuh,butuh
buuun,bun
buy,beli
bw,bawa
"bwa""",bawa-bawa
bwt,buat
by,oleh
byak,banyak
byangin,membayangkan
byar,bayar
byaran,bayaran
bye,selamat tinggal
byk,banyak
bz,bisa
c,sih
caaannnttiikkk,cantik
caantiiik,cantik
cabe2,cabe-cabe
cabe2an,cabe-cabean
cabol,cabul
cadasss,cadas
cakeeeeppp,cakep
cakeep,cakep
cakep,cantik
cakepp,cakep
cakeppp,cantik
cali,caci
campurin,mencampuri
can,bisa
canci,cantik
cannnnntikkkkkkk,cantik
cannntikk,cantik
cans,cantik
cant,tidak bisa
canteek,cantik
canti,cantik
cantiiiiiiik,cantik
cantiiiik,cantik
cantiiiikk,cantik
cantiiik,cantik
cantiiikk,cantik
cantiiikkk,cantik
cantiiillx,cantik
cantiik,cantik
cantiik2,cantik-cantik
cantiikk,cantik
cantiikkkk,cantik
cantik2,cantik-cantik
cantik2nya,cantik-cantiknya
cantika,cantik
cantikk,cantik
cantikkk,cantik
cantikkkk,cantik
cantikkkkk,cantik
cantikkkkkk,cantik
cantikkkkkkkk,cantik
cantikkkm,cantik
cantiknnnnyaaaaaaa,cantiknya
cantiknyaa,cantiknya
cantiknyaaa,cantiknya
cantiknyaaaaa,cantiknya
cantiks,cantik
cantikx,cantiknya
cantinya,cantiknya
cantip,cantik
cantiq,cantik
cantiqs,cantik
cantix,cantik
cantk,cantik
canttikkk,cantik
canttttikkk,cantik
canyk,cantik
capa,sapa
cape,capek
capee,cape
capter,chapter
capternya,chapternya
caracter,karakter
caranga,caranya
care,peduli
cari2,cari-cari
cariin,carikan
carrying,membawa
case,kasus
catiiiiik,cantik
catokin,catok
caya,percaya
cb,coba
cba,coba
ccok,cocok
cd,celana dalam
ceemen,cemen
cek2,cek-cek
ceklist,ceklis
cellphone,ponsel
cem,macam
cemburuu,cemburu
cempreeng,cempreng
centillll,centil
centilnyaaaaaa,centilnya
cepat,cepat
cepet,cepat
cepet2,cepat-cepat
cepetan,cepatan
cepetin,cepatin
cerdass,cerdas
cerdiik,cerdik
ceritanya,ceritanya
ceritax,ceritanya
cew,cewek
cewe,cewek
cewer,jewer
chalengging,menantang
challenges,tantangan
challenging,menantang
chance,kesempatan
change,ubah
chap,chapter
chapt,chapter
chapter,chapter
chapternya,chapternya
chapterr,chapter
chara,karakter
character,karakter
charge,isi daya
charging,mengisi daya
chefkiss,sempurna
chelalyyu,selalu
choice,pilihan
choise,pilihan
choker2,choker-choker
ciapa,siapa
ciee,cie
cieee,cie
cieeee,cie
cieeeee,cie
cigar,cigar
ciieeeeeee,cie
ciiieee,cie
cinggirnyaaaa,cinggirnya
cini,sini
cino,cina
cintaaaaaaa,cinta
cintax,cintanya
ciptain,ciptakan
ciptain,menciptakan
cita2,cita-cita
ciumman,ciuman
ciusss,serius
ciuuuummmm,cium
ciyeeee,cie
ciyeeeeeee,cie
ciyusss,serius
ckp,cukup
ckrng,sekarang
ckup,cukup
claimed,mengklaim
clever,pintar
click,klik
close,tutup
closed,tertutup
clues,petunjuk
cm,cuma
cma,cuma
cman,cuman
cmkn,camkan
cmn,cuman
cmon,ayo
cmpur,campur
cntiiikkk,cantik
cntik,cantik
cntikan,cantikan
cntikk,cantik
cntiknya,cantiknya
cntk,cantik
co,cowok
coba,coba
cobaa,coba
cobaaa,coba
cobaaaa,coba
cobain,coba
cobain,mencoba
cobak,coba
coccokk,cocok
cock,cocok
cocok,cocok
cocokk,cocok
cocokkk,cocok
cocokkkk,cocok
cocokkkkk,cocok
cocokny,cocoknya
cocokx,cocoknya
cocook,cocok
cocookk,cocok
code,kode
coeggg,coeg
cogan,cowok ganteng
coin,koin
coking,cooking
collct,koleksi
collect,kumpulkan
comen,komen
comen2nya,komen-komennya
coment,komen
coment,komentar
comfortable,nyaman
comic,komik
coming,datang
comingson,coming soon
comingsoon,coming soon
command,perintah
comment,komentar
comment2nya,komentar-komentarnya
comnet,komen
comntr,komentar
complain,keluhan
complete,lengkap
confusing,membingungkan
connect,hubungkan
connected,terhubung
connection,koneksi
consume,konsumsi
content,konten
continuation,kelanjutan
continue,lanjut
continues,berlanjut
conversations,percakapan
cooking,memasak
cool,keren
cooocok,cocok
cooooooocok,cocok
"coret""",coret-coret
cost,biaya
could,bisa
couldnt,tidak bisa
country,negara
cow,cowok
cowo,cowok
coxok,cocok
coyyy,coy
coz,karena
cpa,siapa
cpat,cepat
cpet,cepat
cpit,sipit
cpt,cepat
cr,cara
crafted,dibuat
crazy,gila
creative,kreatif
cri,cari
crime,kejahatan
crita,cerita
critamu,ceritamu
critanya,ceritanya
crpat,cepat
cuaaantikk,cantik
cuaantik,cantik
cuantek,cantik
cuanti,cantik
cuantik,cantik
cuantikkk,cantik
cubanget,lucu banget
cuchook,cocok
cuco,cocok
cucok,cocok
cucokkk,cocok
cukurrr,cukur
cuma,cuma
cuman,cuman
cumn,cuman
cums,cuma
curhat2,curhat-curhat
curious,penasaran
current,sekarang
cus,karena
customer,pelanggan
cut,potong
cutscene,cutscene
cuyy,cuy
cuyyy,cuy
cw,cewek
cwe,cewek
cwek,cewek
cwnya,ceweknya
cwo,cowok
cwok,cowok
cyiiin,cinta
cyin,cinta
cz,karena
d,ada
d,di
d.apa,diapa
d.bikinin,dibikin
da,sudah
da,ada
da,dah
daaaah,deh
daaah,dah
daaan,dan
daah,dah
daah,deh
dah,sudah
dah,deh
dahal,padahal
dahh,dah
dahh,sudah
dahhhh,dah
daily,harian
dak,indak
dak,tidak
dalem,dalam
dalem2,dalam-dalam
dalil2,dalil-dalil
dallam,dalam
dan,dan
dangerous,berbahaya
dapat,dapat
dapet,dapat
dapetin,mendapati
dapetin,mendapatkan
dapetnya,dapatnya
dari,dari
darpada,daripada
dasaar,dasar
dasarrr,dasar
dasyat,dahsyat
dateng,datang
day,hari
dblkang,dibelakang
dblkng,dibelakang
dbnding,dibanding
dbuat,dibuat
dbwh,dibawah
dcintai,dicintai
ddlm,di dalam
ddpat,didapat
ddpt,didapat
de,dek
de,deh
dead,mati
dear,sayang
death,kematian
debay,adek bayi
dech,deh
decided,memutuskan
decorate,menghias
decreased,berkurang
dede,adek
dedek,adek
dedeknya,adeknya
dee,dek
deeek,dek
deeh,deh
definetely,pasti
deg,degan
deg2an,deg-degan
dehat,sehat
dehh,deh
dehhh,deh
dehhhh,deh
deket,dekat
deketin,dekati
dekk,dek
dekkk,dek
dekt,dekat
dektektifan,detektifan
dempga,semoga
dengan,dengan
dengarin,mendengarkan
dengeeriin,dengarkan
denger,dengar
dengerin,dengarkan
dengerin,mendengarkan
design,desain
desperated,putus asa
detail,detail
detective,detektif
deuhh,duh
dev,developer
developer,pengembang
developernya,pengembangnya
development,pengembangan
device,perangkat
dewassa,dewasa
dg,dengan
dgn,dengan
dgr,dengar
dh,deh
dh,sudah
dh,dah
dhe,deh
dhi,di
dhpusin,dihapuskan
diaa,dia
diaaa,dia
diajarin,diajari
diakibtkn,diakibatkan
dialogue,dialog
"diam""",diam-diam
diamkn,diamkan
dianter,diantar
dianterin,diantar
dianterin,diantarkan
diapa2in,diapa-apai
diapain,diapakan
diawal,di awal
dibangga'in,dibangga-banggakan
dibanggain,dibanggakan
dibenerin,dibenarkan
dibiarin,dibiarkan
dibikin2,dibikin-bikin
dibkatakan,dikatakan
dibls,dibalas
dibnggain,dibanggakan
dicapter,di chapter
dicerta,dicerita
did,melakukan
didalamnya,di dalamnya
didapet,didapat
didatengin,didatangi
didengerin,didengarkan
didnt,tidak
diduga,diduga
dieee,dia
diem,diam
diemin,diamkan
diemm,diam
difficult,sulit
difotoin,difoto
digabtikan,digantikan
digambarin,digambarkan
digame,di game
diginiin,dibeginikan
diginikan,dibeginikan
digituin,dibegitukan
dihargain,dihargai
dihh,dih
dihpus,dihapus
dii,di
diihhhh,dih
diindonesis,diindonesia
diingetin,diingatkan
dijadiin,dijadikan
dijelekin,dijelekkan
dijkt,dijakarta
dijwb,dijawab
dikasi,dikasih
dikata2in,dikata-katai
dikatain,dikatai
dikemanain,dikemanakan
dikerasin,dikerasi
diketemuin,ketemu
dikit,sedikit
diksi,dikasih
diladenin,diladeni
dilayar,di layar
dilepas2,dilepas-lepas
dilewati,dilewati
diliat,dilihat
diliatnya,dilihatnya
dilindungin,dilindungi
diluangin,diluangkan
diluarann,diluaran
"dimana""",dimana-mana
dimananya,di mananya
dimao,dimau
dimarahin,dimarahi
dimasukin,dimasuki
dimusiumin,dimuseumkan
dinamakn,dinamakan
"dingin""",dingin-dingin
dinyanyiin,dinyanyikan
dipake,dipakai
diperbaharui,diperbarui
diperbaiki,diperbaiki
dipermainin,dipermainkan
dipikirin,dipikirkan
dipke,dipakai
dipojokin,dipojokkan
dipuja2,dipuja-puja
diputusin,diputuskan
direkomendasiin,direkomendasikan
dirimuuu,dirimu
dirmh,dirumah
dirumahny,dirumahnya
disappear,menghilang
disappointed,kecewa
disappointment,kekecewaan
disini,di sini
disiniii,disini
disituasi,di situasi
disni,disini
disproportionately,tidak proporsional
dissapointed,kecewa
distinctive,khas
disupirin,disopiri
ditayangin,ditayangkan
ditengah,di tengah
ditengah2,ditengah-tengah
ditunggu,ditunggu
ditungguu,ditunggu
ditutupin,ditutupi
dituutup,ditutup
diupdate,diupdate
diurusin,diurusi
dket2in,dekat-dekati
dkuburnya,dikuburnya
dl,dulu
dl,download
dlam,dalam
dll,dan lain-lain
dlm,dalam
dlu,dulu
dluan,duluan
dluar,diluar
dmainin,dimainin
dmana,dimana
dmn,dimana
dmna,dimana
dn,dan
dng,dengan
dngan,dengan
dngerin,mendengarkan
dnk,dong
do,di
doa2,doa-doa
doaang,doang
doang,saja
doangam,doang
doangg,saja
doank,doang
doank,saja
doeloe,dulu
does,melakukan
doesnt,tidak
dolo,dulu
done,selesai
dong,dong
dongg,dong
donggg,dong
dongggg,dong
donk,dong
donkk,dong
donks,dong
donlod,unduh
donlotya,unduhnya
dont,jangan
donwlod,unduh
donx,dong
doong,dong
doonk,dong
dooong,dong
dosa2mu,dosa-dosamu
dosaa,dosa
dosaaaaaaaaaa,dosa
dosax,dosanya
dowbload,unduh
dowload,unduh
download,unduh
downloading,mengunduh
downlot,unduh
dpake,dipakai
dpat,dapat
dperbaiki,dperbaiki
dpetin,dapetin
dpke,dipakai
dpn,depan
dposisi,diposisi
dpotong,dipotong
dpt,dapat
dptkan,dapatkan
dptnya,dapatnya
dr,dari
drained,terkuras
dramaa,drama
drew,menggambar
dri,dari
drii,dari
drimana,darimana
drimnanya,darimananya
dripada,daripada
dripda,daripada
drmn,darimana
drpada,daripada
drpd,daripada
dsana,disana
dsar,dasar
dsini,disini
dsna,disana
dsni,disini
dsr,dasar
dsrny,dasarnya
dssi,disisi
dstu,disitu
dteng,datang
dtg,datang
dtggu,ditunggu
dtgkan,datangkan
dtinggl,ditinggal
dtnggu,ditunggu
dtunggu,ditunggu
dua2nya,dua-duanya
duaa,dua
duanyaa,duanya
due,karena
duetin,duet
duhh,duh
duhhh,duh
duhhhhh,duh
duit,uang
dulu,dulu
dulurrr,dulur
duluu,dulu
duluuu,dulu
dumsss,dong
dung,dong
dunk,dong
duper,super
dureen,duren
durhaka2,durhaka-durhaka
duuhh,duh
duuhhh,duh
duuhhhhh,duh
duuuhh,duh
duuuhhh,duh
dwh,deh
dwsa,dewasa
dy,dia
dya,dia
ea,ya
each,masing
eakyu,waktu
easy,mudah
edaaaan,edan
edaaan,edan
edaaann,edan
edannn,edan
edit,sunting
editannn,editan
eeeeh,eh
eeeehhhh,eh
eehhh,eh
eey,eh
ehh,eh
ehhh,eh
either,salah satu
eksprsi,ekspresi
elaaaahhhh,alah
elahh,alah
elegan,memang
elo,lo
elo2,lo-lo
eloo,lo
elu,lu
elus2,elus-elus
ema,emak
email,memang
emak2,emak-emak
emakx,emaknya
emang,memang
emangnya,memangnya
emank,memang
emeessss,gemas
emeezzz,gemas
emeshh,gemas
emesshhh,gemas
emessss,gemas
emg,memang
emk,emak
emng,memang
emngnya,memangnya
emnknya,memangnya
empty,kosong
emty,kosong
enak,enak
enakkkk,enak
enakkkkk,enak
end,akhir
eneegy,energi
enegy,energi
energi,energi
energibya,energinya
energies,energi-energi
energinnya,energinya
energiny,energinya
energinya,energinya
energinyq,energinya
energix,energinya
energy,energi
energyny,energinya
energynya,energinya
energyq,energi
energys,energi
enernya,energinya
engaging,menarik
engga,tidak
"engga""",tidak-tidak
enggak,tidak
engk,tidak
enit,enak
enjoy,menikmati
enjoyed,menikmati
enjoying,menikmati
enk,enak
enough,cukup
entahhh,entah
entertaining,menghibur
entr,entar
epe,apa
epic,epik
episode,episode
eps,episode
error,error
escape,lolos
especially,terutama
euyyyyy,euy
even,bahkan
event,acara
ever,pernah
every,setiap
everyday,setiap hari
everyone,semua orang
everything,semuanya
everytime,setiap kali
ex,mantan
excellent,sangat baik
except,kecuali
exception,pengecualian
excitedi,excited
exciting,menarik
excuse,permisi
exhiled,exiled
exiled,terbuang
exited,keluar
expect,mengharapkan
expensive,mahal
experience,pengalaman
explor,eksplorasi
expresi,ekspresi
express,ekspres
extra,tambahan
eyke,aku
fabulous,luar biasa
factory,pabrik
fakta2,fakta-fakta
fakultass,fakultas
family,keluarga
fans,fan
fans,penggemar
fans2,fan-fan
fantastic,fantastis
far,jauh
fast,cepat
faster,lebih cepat
fastly,dengan cepat
fatanik,fanatik
fav,favorit
favoriteeee,favorit
favt,favorit
feb,februari
feedback,umpan balik
feel,rasa
feels,merasa
fellnya,perasaannya
fever,demam
few,beberapa
fhoto,foto
fhotonya,fotonya
fi,di
fikiran,pikiran
fill,isi
fillm,film
film,film
filmny,filmnya
filmnya,filmnya
find,temukan
finding,menemukan
fine,baik
finish,selesai
finished,selesai
first,pertama
fit,cocok
five,lima
fix,perbaiki
fixed,diperbaiki
flat,datar
flim.a,filmnya
flm,film
focus,fokus
follow,ikuti
"FOLLOW? MY IG: @algaeslovania_premiumskincare1  WA:081210238087""",homofon
"FOLLOW? MY IG: @algaeslovania_premiumskincare1  WA:081210238087""",reduplikasi
"FOLLOW? MY IG: @algaeslovania_premiumskincare1  WA:081210238087""",modifikasi vokal
"FOLLOW? MY IG: @algaeslovania_premiumskincare1  WA:081210238087""",abreviasi
"FOLLOW? MY IG: @algaeslovania_premiumskincare1  WA:081210238087""",zeroisasi
"FOLLOW? MY IG: @algaeslovania_premiumskincare1  WA:081210238087""",anaptiksis
"FOLLOW? MY IG: @algaeslovania_premiumskincare1  WA:081210238087""",monoftongisasi
for,untuk
force,paksa
forced,dipaksa
forgotten,terlupakan
fort,benteng
forward,maju
fotbar,foto bareng
"foto""",foto-foto
foto2,foto-foto
foto2nya,foto-fotonya
fotoin,memfoto
fotony,fotonya
found,ditemukan
freaking,sangat
free,gratis
freeze,beku
frestasiii,prestasi
from,dari
frustating,frustasi
frustrates,memfrustasi
fto,foto
fto2,foto-foto
full,penuh
fullnya,penuhnya
fun,menyenangkan
funn,menyenangkan
funy,lucu
future,masa depan
g,tidak
ga,tidak
gaa,tidak
gaada,tidak ada
gabakal,tidak bakal
gabisa,tidak bisa
gada,tidak ada
gadiss,gadis
gafik,grafik
gag,tidak
gagahx,gagahnya
gaharus,tidak harus
gain,dapatkan
gained,didapatkan
gaje,tidak jelas
gajelas,tidak jelas
gak,tidak
gakk,tidak
gakkk,tidak
gakpapa,tidak apa-apa
gakuat,tidak kuat
gakusah,tidak usah
gakwad,tidak kuat
gam,game
gamau,tidak mau
gambarin,gambarkan
game,game
gamee,game
gameee,game
gameeeeee,game
gameenyaaa,game nya
gameny,game nya
gamenya,game nya
gamenyaa,game nya
gameplaynya,gameplay nya
gameplaynyaa,gameplay nya
gamesbut,games tapi
gamex,games nya
gamnya,game still
gampang,game tambahin
gamw,game tapi
gan,game uninstal
ganaik,gamenya
ganbar,game nya
gane,game
ganggu,ganaik
gangguan,gambar
gangguin,mengganggu
gans,ganteng
ganteeeeng,ganteng
ganteng2,ganteng-ganteng
gantengg,ganteng
gantenggg,ganteng
gantengkuuuuuu,gantengku
gantengnyaaaa,gantengnya
ganteung,ganteng
gantheng,ganteng
ganti,game
ganti'kn,menggantikan
gantiin,menggantikan
gantng,ganteng
gantweng,ganteng
gapake,tidak pakai
gapap,tidak apa-apa
gapernah,tidak pernah
gaprgi,tidak pergi
gapunya,tidak punya
gara,gara
gara'',gara-gara
"gara""",gara-gara
gara2,gara-gara
garemin,garami
garfis,grafik
gartis,gratis
garuk2,garuk-garuk
gasabar,tidak sabar
gasalah,tidak salah
gasih,tidak sih
gasuka,tidak suka
gatau,tidak tau
gataunya,tidak taunya
gatcha,gacha
gausa,tidak usah
gausah,tidak usah
gave,memberi
gawl,gaul
gawul,gaul
gax,tidak
gaya,game
gayannxa,gayanya
gayany,gayanya
gayax,gayanya
gbs,tidak bisa
gda,tidak ada
gde,gede
geam,besar
gebleg,geblek
gede,game
gedeg,gedek
geeelaakk,gila
geetoo,begitu
gegra,gegara
geh,gih
gehh,gih
gem,game
gema,game
gemay,gemas
geme,game
gemeeezzzz,gemas
gemeessss,gemas
gemensnya,game
gemes,gemas
gemesiin,menggemaskan
gemesin,menggemaskan
gemesinnnnn,menggemaskan
gemesnya,gemasnya
gemess,gemas
gemesshh,gemas
gemesshzzzzhzzhzhzhsjssjs,gemas
gemesss,gemas
gemesyak,gemas ya
gemez,gemas
gemezz,gemas
gemezzzz,gemas
gemmeeezzz,gemas
gems,genre
genduut,gendut
geneeee,begini
genggg,geng
genittt,genit
genre,gerak
gerak,gerakin
gerakin,gratis
geratis,jerman
germany,dapat
get,mendapatkan
getting,berbakat
geuliiiiiiis,geulis
gewlaaaaa,gila
gg,tidak
gg,gila
gga,tidak
gggggggggggggggggggggg,gila
gibran,game
gifted,bagaimana
giitu,begitu
gila,bagaimana
gilaa,gila
gilaaa,gila
gilaaaa,gila
gilaaaaaa,gila
gilaaakk,begini
gilak,gila
gilakkk,gila
gilakkkkk,gila
gilakkkkkk,gila
gile,gila
gilee,begitu
giliran,begitu aku
gils,gila
gilsss,gila
gilzz,gila
gim,begitu biar
gimana,bagaimana
gimana,beri
gimanaa,bagaimana
gimanaaaa,bagaimana
gimn,bagaimana
gimn,tidak
gimna,bagaimana
gingsungny,gingsulnya
gini,begini
gini,game nya
ginian,beginian
ginii,begini
giniii,begini
giniin,beginikan
ginting,ganteng
gitarnya,bagaimana
giti,begitu
gitu,begitu
gitu,bagaimana
gitu2,begitu-gitu
gituan,begituan
gituh,begitu
gituin,begitukan
gitulah,begitulah
gituu,begitu
gituuu,begitu
gituuuuu,begitu
gk,tidak
gkhianati,mengkhianati
gkk,tidak
gkkan,tidak akan
gksalah,tidak salah
gksi,tidak sih
glembeeeer,gelambir
gmana,bagaimana
gmanapun,bagaimanapun
gmau,tidak mau
gmn,bagaimana
gmna,bagaimana
gmpg,gampang
gn,begini
gndakan,gandakan
gni,begini
gnii,begini
gnti,ganti
gnyngka,tidak menyangka
go,pergi
goblokkk,goblok
god,tuhan
goes,pergi
going,pergi
gokiiill,gila
gokil,gila
gokill,gila
gokilll,gila
gokillllll,gila
gokilnya,gilanya
goncengin,boncengkan
gone,pergi
good,bagus
goodddd,bagus
goodgame,good game
goods,barang
goood,good
goooddddddd,bagus
gosh,astaga
gosipin,menggosipkan
gossip2.an,gosip-gosipan
gpp,tidak apa-apa
gr2,gara-gara
gra2,gara-gara
graaatiiiis,gratis
grafic,grafik
graficnya,grafiknya
grafik,grafik
grafis,grafis
grammar,tata bahasa
graphic,grafik
graphicnya,grafiknya
graphics,grafis
graphis,grafis
grapic,grafik
gratisnya,gratisnya
gratiss,gratis
gratisss,gratis
greaaaaatttt,great
greaaatt,great
gread,great
great,bagus
greedy,serakah
green,hijau
greet,sapa
greged,greget
grgr,gara-gara
grunya,gurunya
gt,begitu
gt,tapi
gtau,tidak tau
gthu,begitu
gtu,begitu
"gtu""",begitu-gitu
"gtu""an",begitu-gituan
gtu2,begitu-gitu
gtuh,begitu
gtuu,begitu
gtw,tidak tau
gua,saya
guaa,gua
guaa,saya
guaaaaaaa,gua
guanteng,ganteng
gud,bagus
gue,saya
guee,gue
gueee,gue
gueeeee,gue
guess,tebak
gunaa,guna
guw,gue
guysss,guys
guyssss,guys
gw,gue
gw,saya
gx,tidak
gya,gaya
habis,habis
habiss,habis
habisss,habis
hadapin,menghadapi
haddeh,aduh
hadeeehhh,aduh
hadeeeuuuhhh,haduh
hadeehh,aduh
hadeeuh,aduh
hadeeuuhhhh,haduh
hadehhh,haduh
hadeuh,aduh
hadeuuh,aduh
hadeuuhhhh,aduh
hadirr,hadir
hadirrr,hadir
haduh,aduh
haduuuh,aduh
hahaha,hahaha
haii,hai
haiii,hai
hal,hal
hal2,hal-hal
halahh,alah
halangin,halangi
half,setengah
halllo,halo
hallo,halo
hallooo,halo
halooo,halo
halow,halo
hampasss,hempas
hancurin,menghancurkan
hancuuuuuy,hancur
hanya,hanya
happened,terjadi
happening,terjadi
"happi""",hepi-hepi
happy,senang
hapusin,hapuskan
haragain,menghargai
harbor,pelabuhan
hard,sulit
hargs,harga
hari2,hari-hari
haru,harus
harus,harus
harusnya,harusnya
has,telah
haseh,haseh
hasilnyaaa,hasilnya
haslnya,hasilnya
hat,hati
hate,benci
hati.a,hatinya
"hati""",hati-hati
hati2,hati-hati
hatii,hati
hatiiii,hati
hattie,hati
have,punya
havent,belum
having,memiliki
hay,hai
haya,hanya
hayal,khayal
hayalanku,khayalanku
hayooo,hayo
hayukk,hayo
hayuu,hayo
hbis,habis
hbs,habis
hdk,hendak
hdp,hidup
hdpn,hadapan
hdpnya,hidupnya
hdup,hidup
hebaat,hebat
hebatt,hebat
hedeuuhh,aduh
heeee,hai
hehh,eh
heii,hai
heir,pewaris
hello,halo
helloo,halo
hellooooooo,halo
helo,halo
helooooo,halo
help,bantu
hemat,hemat
hematt,hemat
hempaass,hempas
her,dia
hgga,hingga
hianatin,khianati
hidden,tersembunyi
hiden,tersembunyi
hidiyah,hidayah
hiduppp,hidup
hidupppp,hidup
hidupx,hidupnya
hiduupppp,hidup
hiii,hai
hijaabbb,hijab
hijabb,hijab
hijap,hijab
hikss,hikss
hilalnya,hilangnya
hilangin,menghilangkan
hilangin,hilangkan
hilangv,hilang
hill,bukit
himana,bagaimana
hingga,hingga
hint,petunjuk
hiraukn,hiraukan
hiri,hari
historical,sejarah
hmpir,hampir
hndak,hendak
hndk,hendak
hngga,hingga
hny,hanya
hnya,hanya
hokiii,hoki
home,rumah
hope,harapan
horornya,horor nya
horror,horor
horrornya,horor nya
hospital,rumah sakit
hotak,botak
hotx,hotnya
hour,jam
how,bagaimana
however,namun
hp,hp
hpus,hapus
hr,hari
hri,hari
hrs,harus
hrsny,harusny
hrsnya,harusnya
hrus,harus
hrusnya,harusnya
hslnya,hasilnya
ht,hati
hub,hubungi
hub,menghubungi
hub,hubungan
hubngan,hubungan
hubunggi,hubungi
hufttt,huft
hujatann,hujatan
hy,hai
iaa,ya
iaa,iya
iam,saya
ibliss,iblis
ibu2,ibu-ibu
ibuk2,ibu-ibu
idamann,idaman
idiot,idiot
idolaa,idola
idoolaaa,idola
idung,hidung
idungnya,hidungnya
idup,hidup
idupnya,hidupnya
if,jika
igtlah,ingatlah
ihh,ih
ihhh,ih
ihhhh,ih
ihhhhh,ih
iih,ih
iihh,ih
iiih,ih
iiihh,ih
iiihhhh,ih
iiihhhhh,ih
iiii,ih
iiiihhhhhj,ih
iiiiiiiii,ih
iiiiiiiiii,ih
iive,saya
ijap,ijab
ikh,ih
iklan,iklan
iklannya,iklannya
ikut,ikut
ikut2,ikut-ikut
ikut2an,ikut-ikutan
ikuti,ikuti
ikutin,mengikuti
ikutin,ikuti
ilang,hilang
ilang-in,hilangkan
"ilang""",hilang-hilang
ilang2,hilang-hilang
ilang2an,hilang-hilangan
ilike,saya suka
ill,sakit
ilmh,ilmu
ilove,saya suka
im,saya
imagination,imajinasi
immediately,segera
imoet,imut
impresive,impresif
improved,ditingkatkan
imut2,imut-imut
imutt,imut
imutttttt,imut
imuttzz,imut
imuutt,imut
imuuttt,imut
in,ini
in,di dalam
income,penghasilan
increase,meningkat
increased,meningkat
incredible,luar biasa
indahhh,indah
indefendet,independen
indo,indonesia
indoneaia,indonesia
indonesiaaa,indonesia
indonesiaah,indonesia
infpyunnnn,ampun
ingeet,ingat
inget,ingat
ingetin,mengingatkan
inggat,ingat
inggrisny,inggrisnya
inghinn,ingin
ingi,ingin
inginkn,inginkan
ingt,ingat
ini,ini
inia,ini
iniehh,ini
inih,ini
inihhh,ini
inii,ini
iniii,ini
iniiiii,ini
iniiiiiiiiiiiiiii,ini
iniw,ini
inni,ini
inside,di dalam
insonniaaa,insomnia
instal,instal
intelligence,kecerdasan
interaction,interaksi
interactive,interaktif
interctive,interaktif
interest,minat
interested,tertarik
interesting,menarik
interrect,interaksi
intersting,menarik
interupted,terganggu
intinya,intinya
into,ke dalam
intresting,menarik
intrigued,tertarik
intriguing,menarik
investigation,investigasi
invite,undang
iooo,lo
iriiiii,iri
is,adalah
iseng2,iseng-iseng
isi,bukan
issue,masalah
istimewa,istimewa
istimewaaa,istimewa
istiqamah,istikamah
istiqomah,istikamah
istiqomahhh,istikamah
it,itu
item,item
ithu,itu
its,nya
itu,itu
ituh,itu
itumahh,itumah
itungan,hitungan
itupun,itu pun
ituu,itu
ituuu,itu
ituuuu,itu
ityl,itil
iu,itu
ive,saya telah
iy,iya
iyaa,iya
iyaaa,iya
iyaaaa,iya
iyaap,iya
iyaappps,iya
iyah,iya
iyak,iya
iyap,iya
iyh,iya
iyha,iya
iyuh,ih
iyuuhhh,ih
iyuuuhhhh,ih
j,saja
ja,saja
ja,iya
jaaangan,jangan
jaadii,jadi
jadi,jadi
jadii,jadi
jadiin,jadikan
jadilh,jadilah
jadinya,jadinya
jadu,jadi
jadulnya,jaman dulunya
jafi,jadi
jagain,jaga
jagain,menjaga
jagan,jangan
jahatin,menjahati
jakety,jaketnya
"jalan""nya",jalan-jalannya
jalan2,jalan-jalan
jalanani,menjalani
jalanin,menjalani
jalanin,jalankan
jamam,jaman
jaman,zaman
jaman2,jaman-jaman
jaman2nya,jaman-jamannya
jan,jangan
janga,jangan
"jangan""",jangan-jangan
jangan2,jangan-jangan
janjutin,lanjutkan
janka,jangka
jaoooh,jauh
jari2,jari-jari
jatoh,jatuh
jatuhnyaa,jatuhnya
jauhh,jauh
jauhhh,jauh
jauhin,jauhi
jauuhhh,jauh
jawabanny,jawabannya
jd,jadi
Jd nanti kamu transfer uang ke sy 200rb, itu kamu udah dpt kontak agen dgn paket lengkap bgt. Ada pin konveksi (kontak bbm agen)
jd'y,jadinya
jdi,jadi
jdii,jadi
jdulnya,judulnya
jdwl,jadwal
"jelas""",jelas-jelas
jelas2,jelas-jelas
jelase,jelas
jelashh,jelas
jelasssss,jelas
"jelek""in",menjelek-jelekkan
jelek2,jelek-jelek
jelekin,menjelekkan
jelex,jelek
jels,jelas
jendes,janda
jendess,janda
jendesss,janda
jendral,jenderal
jeniuss,jenius
jerewi,jerawat
jg,juga
jga,juga
jgan,jangan
jgk,juga
jgn,jangan
jgn2,jangan-jangan
jh,saja
jidad,jidat
jika,jika
jilbabny,jilbabnya
jilbabnyaah,jilbabnya
jilbabnye,jilbabnya
jilbb,jilbab
jing,anjing
jirr,anjir
jirrrr,anjir
jiwa,jiwa good
jjur,jujur
jk,jika
jkrta,jakarta
jkt,jakarta
jlbb,jilbab
jlek,jelek
jln,jalan
jln2,jalan-jalan
jls2,jelas-jelas
jmnya,jamnya
jmpaaaa,jumpa
jnagn,jangan
jnda,janda
jng,jangan
jngan,jangan
jngn,jangan
jngnn,jangan
jntuk,jenuh
job,pekerjaan
jodohny,jodohnya
jodohx,jodohnya
jogetin,berjoget
jombsss,jomblo
jorokkkk,jorok
jorookknya,joroknya
joss,bagus
josss,bagus
joy,suka
jrang,jarang
jrnk,jarang
jt,juta
judulnyaa,judulnya
juga,juga
jugaa,juga
jugaaa,juga
jugaakk,juga
jugak,juga
jungkiir,jungkir
just,hanya
justeru,justru
jwab,jawab
jwb,jawab
jwban,jawaban
jya,iya
k,kak
k,ke
k',kak
ka,kak
kaa,kak
kaaa,kak
kaaaa,kak
kaaaaa,kak
kaaaaaaaaaakkkkkkkkkkk,kak
kaaaaaann,kan
kaaakk,kak
kaaan,kan
kaak,kak
kaakaaaa,kakak
kaakk,kak
kaan,kan
kaannnn,kan
kaasian,kasihan
kacauuuu,kacau
kacian,kasihan
kaciiaann,kasihan
kaco,kacau
kadang,kadang
kafeh,kafe
kaga,kagak
kagak,tidak
kageeet,kaget
kageet,kaget
kaitannha,kaitannya
kaj,kak
kak,kakak
kaka,kakak
kakakaaaaaaaaaaaaaa,kakak
kakakgh,kakak
kakakkk,kakak
kakakny,kakaknya
kakakuuu,kakakku
kakanga,kakaknya
kakanya,kakaknya
kakau,kalau
kakk,kak
kakk,kakak
kakkk,kak
kakkkk,kak
kakkkkk,kak
kalahnye,kalahnya
kalau,kalau
kale,kali
kaleee,kali
kaliaan,kalian
kaliann,kalian
kaliannn,kalian
kaliannnnnm,kalian
kaliannnnnn,kalian
kaliannnnnnn,kalian
kalii,kali
kaliii,kali
kaliiii,kali
kaliiiiiii,kali
kaliiin,kalian
kalik,kali
kalli,kali
kallo,kalau
kalo,kalau
kalogak,kalau tidak
kalok,kalau
kaloo,kalau
kalsel,kalimantan selatan
kalu,kalau
kalw,kalau
kam,kamu
kamiiii,kami
kamo,kamu
kampungn,kampungan
kamu2,kamu-kamu
kamunyaa,kamunya
kamuu,kamu
kamuuuu,kamu
kamyuhhh,kamu
kan,kan
kana,kanan
kanapa,kenapa
kancang,kencang
kangeeeeeeeeeeennnnn,kangen
kangeeeeeeeeennnnnnnn,kangen
kangeeeeeeeenya,kangen
kangeeeeennn,kangen
kangeeeennn,kangen
kangeeeennnnn,kangen
kangeeerrn,kangen
kangeen,kangen
kangeenn,kangen
kangem,kangen
kangenn,kangen
kangennn,kangen
kangennnn,kangen
kangennnnn,kangen
kangennnnnmnnnnnnnnnnnnnnnnn,kangen
kangennnnnn,kangen
kangennnnnnn,kangen
kangennnnnnnnnnnnnnnn,kangen
kanggen,kangen
kanggggg,kang
kann,kan
kannn,kan
kapaan,kapan
kapan2,kapan-kapan
kapann,kapan
kapn,kapan
karena,karena
kareno,karena
karir.a,karirnya
karmaaa,karma
karna,karena
kartu,kartu
kartunin,kartun
"karya""",karya-karya
karya2,karya-karya
kasar2,kasar-kasar
kasi,kasih
kasiaannn,kasihan
kasian,kasihan
kasiannn,kasihan
kasiatnya,khasiatnya
kasihn,kasihan
kasiian,kasihan
kassus,kasus
"kata""",kata-kata
kata2,kata-kata
kata2nya,kata-katanya
kata2nyaaa,kata-katanya
katanyaa,katanya
kate,kata
kauuuu,kau
kawinin,mengawini
kaya,kayak
kaya'a,kayanya
kayaa,kaya
kayahhh,kaya
kayak,seperti
kayakk,kayak
kayanye,kayanya
kayaq,kayak
kayax,kayak
kbahagiaan,kebahagiaan
kbawa,terbawa
kberkahn,keberkahan
kbetulan,kebetulan
kbiasaan,kebiasaan
kcantikan,kecantikan
kcewa,kecewa
kcil,kecil
kcwa,kecewa
kdang,kadang
kdg,kadang
kdg2,kadang-kadang
kdng,kadang
kdua,kedua
keak,kayak
kebagi,terbagi
"kebaikan""y",kebaikannya
kebalas,terbalas
kebangetak,kebangetan
kebanggan,kebanggaan
kebarat2an,kebarat-baratan
kebawa,terbawa
kebayang,terbayang
kebayanyaa,kebayanya
keberpa,keberapa
kebnyak'an,kebanyakan
kebongkar,terbongkar
kebuka,terbuka
kebukaaa,terbuka
kebukti,terbukti
kebykan,kebanyakan
kecantikanga,kecantikannya
kece2,kece-kece
keceee,kece
keche,kece
keciil,kecil
keciill,kecil
kecik,kecil
"kecil""",kecil-kecil
kecptan,kecepatan
kecr,kece
kedengeran,kedengaran
kedepan,ke depan
kedepanny,ke depannya
kedepannya,ke depannya
kedokk,kedok
kedpan,kedepan
keduaa,kedua
keedaannya,keadaannya
keee,ke
keeeeeren,keren
keeeerrrreeeennnnnnnnn,keren
keeep,pertahankan
keep,pertahankan
keinget,teringat
keisi,terisi
keisinya,isinya
kejadianny,kejadiannya
kejahatn,kejahatan
kejawab,terjawab
kejuu,keju
kek,kayak
kek,seperti
kekgini,kayak begini
kekk,kayak
keknya,kayaknya
kekuranganny,kekurangannya
kekurangannya,kekurangannya
kel,keluarga
kelahuran,kelahiran
kelaluan,kelakuan
kelamaan,kelamaan
kelamaanklo,kelamaan kalau
kelanjutannya,kelanjutannya
kelar,selesai
kelas'a,kelasnya
kelebihan,kelebihan
kelebihannya,kelebihannya
keles,kali
keliatan,kelihatan
keliatannya,kelihatannya
kellen,kalian
keluarin,mengeluarkan
keluarin,keluarkan
kelus,kali
kemakan,termakan
kemana,ke mana
kemaren,kemarin
kemariin,kemarin
kemarn,kemarin
kembaliin,kembalikan
kembaq,kembar
kemn,kemana
kemuh,kamu
kenaliiin,kenalkan
kenalin,mengenalkan
kenalin,kenalkan
kenalin,memperkenalkan
kenapaa,kenapa
kenape,kenapa
kenceng,kencang
kencng,kencang
kencqng,kencang
kenyataan2,kenyataan-kenyataan
kepad,kepada
kepake,terpakai
kepaksa,terpaksa
kepd,kepada
kepda,kepada
kepeleset,kepleset
kepelesett,terpeleset
kepikir,terpikir
kepingin,pengin
kepoh,kepo
kepoin,mengepoi
kepoin,kepoi
kepoin,kepo
kepppoin,kepoi
kepuasa,kepuasan
keputihn,keputihan
keq,kek
keq,kayak
kerasa,terasa
kerasin,kerasi
kerass,keras
kereeeeen,keren
kereeeeennn,keren
kereeeeennnn,keren
kereeeen,keren
kereeeennnnnn,keren
kereeen,keren
kereeennnn,keren
kereen,keren
kereenn,keren
kereennn,keren
kereennnn,keren
keren,keren
"keren""",keren-keren
keren2,keren-keren
kerenn,keren
kerennn,keren
kerennnn,keren
kerennnnn,keren
keretik,kritik
kerjaan,pekerjaan
kerreeen,keren
kerrennn,keren
kerrrrennnn,keren
kesalahanny,kesalahannya
kesampean,kesampaian
kesanya,kesannya
kesel,kesal
keseluruh,keseluruhan
kesinii,kesini
kesiniii,kesini
ketaatanny,ketaatannya
ketara,tertara
ketarik,tertarik
ketauan,ketahuan
ketawaa,ketawa
ketawain,mentertawakan
ketawakkkk,ketawa
ketebak,tertebak
ketemuin,ketemu
ketemuuu,ketemu
ketipu,tertipu
ketolong,tertolong
ketuker,tertukar
kezel,kesal
kgak,kagak
kgeeeen,kangen
kgn,kangen
kh,kah
kha,kah
khadiran,kehadiran
khadirannya,kehadirannya
khan,kan
kharismanya,karismanya
khdpn,kehidupan
khidupan,kehidupan
kidding,bercanda
killer,pembunuh
kind,jenis
kinda,agak
kira2,kira-kira
kirain,mengira
kirain,kira
kiriii,kiri
kirimin,mengirimi
kitaa,kita
kitaaa,kita
kite,kita
kiya,kita
kk,kakak
kka,kakak
kkak,kakak
kki,kaki
kklau,kalau
kl,kalau
klahiran,kelahiran
klakuan,kelakuan
klamaan,kelamaan
klas,kelas
klau,kalau
klauu,kalau
klen,kalian
klepek2,klepek-klepek
klg,keluarga
klhran,kelahiran
kli,kali
klian,kalian
kliatan,kelihatan
kliatanya,kelihatannya
klihatan,kelihatan
klk,kelak
klkuan,kelakuan
kll,kalau
klmbutan,kelembutan
kln,kalian
klo,kalau
klok,kalau
kloop,klop
klow,kalau
klrga,keluarga
klu,kalau
kluar,keluar
kluarga,keluarga
klw,kalau
km,kamu
km,kami
kmana,kemana
kmana2,kemana-mana
kmar,kamar
kmaren,kemarin
kmariiin,kemarin
kmarin,kemarin
kmauan,kemauan
kmbali,kembali
kmbang,kembang
kmbl,kembali
kmewahan,kemewahan
kmi,kami
kmn,kemana
kmren,kemarin
kmrin,kemarin
kmrn,kemarin
kmu,kamu
kn,kan
knan,kanan
knapa,kenapa
kndung,kandung
kngen,kangen
kngenn,kangen
kngn,kangen
knl,kenal
knlan,kenalan
know,tahu
knp,kenapa
knpa,kenapa
knpp,kenapa
knsul,konsultasi
knyataan,kenyataan
ko,kok
koata,kok
kobul,kabul
kocaaaak,kocak
kocaaaakkk,kocak
kocakkk,kocak
kocakkkkkk,kocak
kocakkkkkkkkkkkkkk,kocak
koclak,kocak
kog,kok
kokkk,kok
kokohh,engkoh
komen,komentar
komen2,komen-komen
komen2an,komen-komenan
komenan,komentar
komenannya,komentarnya
koment,komentar
komentar2,komentar-komentar
komentarin,komentari
komentarin,mengomentari
komentnya,komentarnya
komenx,komennya
komntr,komentar
komuk,muka
komunitas2,komunitas-komunitas
konputer,komputer
konsekwensi,konsekuensi
konsul,konsultasi
kontak2,kontak-kontak
konten2,konten-konten
koplak,kocak
koplakkk,koplak
koq,kok
korek2,korek-korek
kostom,kostum
kox,kok
kpada,kepada
kpan,kapan
kpancing,terpancing
kpd,kepada
kpleset,kepleset
kpn,kapan
kpn2,kapan-kapan
kpnpun,kapanpun
kpuasan,kepuasan
kq,kok
kqmu,kamu
kr,kira
kra,kira
kraya,karya
kreative,kreatif
kreean,keren
kreeenn,keren
kreen,keren
kren,keren
krena,karena
krenn,keren
krg,kurang
kri,kiri
kriput,keriput
krjaan,pekerjaan
krm,kirim
krmh,ke rumah
krn,karena
krna,karena
krng,kurang
krpoooo,kepo
krudung,kerudung
krudungan,kerudungan
krus,kurus
krya,karya
ksenangan,kesenangan
ksh,kasih
ksih,kasih
ksini,kesini
ksitu,kesitu
kslahan,kesalahan
kslhn,kesalahan
ksni,kesini
ksukaanmuuu,kesukaanmu
ksyngn,kesayangan
kt,kita
kt2,kata-kata
kta,kata
kta,kita
ktaa,kita
ktaatan,ketaatan
ktanya,katanya
ktawa,ketawa
ktemu,ketemu
ktergantungan,ketergantungan
ktg,kita
ktika,ketika
ktmu,ketemu
ktny,katanya
ktnya,katanya
ktwa,ketawa
kuaaatt,kuat
kualutas,kualitas
kuatttt,kuat
kubarikan,kuberikan
kucing'y,kucingnya
kudah,sudah
kudu,harus
kueren2,keren-keren
kuliyh,kuliah
kumpulin,kumpulkan
kunaikkan,naikkan
kuninggg,kuning
kuningggg,kuning
kunjungin,kunjungi
kura2,kura-kura
kuranf,kurang
kurangin,kurangi
kurangya,kurangnya
kureeeen,keren
kurng,kurang
kusem,kusam
kususnya,khususnya
kutuu,kutu
kuu,ku
kuy,yuk
kuyy,yuk
kuyyy,yuk
kw,kau
kwatir,kawatir
kx,kak
ky,kaya
kya,kaya
kyak,kayak
kyaknya,kayaknya
kyanya,kayanya
kyax,kayak
kyk,kayak
kyk,seperti
kyk.a,kayaknya
kyknya,kayaknya
kyy,kaya
kzl,kesal
la,lah
la,lagi
laa,lah
laaaah,lah
laahh,lah
lack,kurang
lacking,kekurangan
ladenin,meladeni
laen,lain
laenny,lainnya
lafazd,lafaz
lagi,lagi
lagihh,lagi
lagii,lagi
lagiii,lagi
lagiiii,lagi
laginy,laginya
lagu'y,lagunya
lagu2,lagu-lagu
lagu2nya,lagu-lagunya
lah,lah
lahh,lah
lahhh,lah
lahhhhhh,lah
lahirr,lahir
lainnn,lain
lainnya,lainnya
lainnyaa,lainnya
lairannya,kelahirannya
"laki""",laki-laki
laki2,laki-laki
lakik,laki
"laku""",laku-laku
lakuin,melakukan
lama,lama
lama2,lama-lama
lamaa,lama
lamaaa,lama
lamaaaa,lama
lamaaaaa,lama
lamaaaaaa,lama
lamaaaaaaaa,lama
lamaaaaaaaaa,lama
lamaaaaaaaaaaa,lama
lamaan,lama an
lancr,lancar
langgengggg,langgeng
langgenh,langgeng
language,bahasa
languages,bahasa
langue,bahasa
lanjut,lanjut
lanjutin,lanjutkan
lanjutkaaaaan,lanjutkan
lapakk,lapak
laptop,laptop
last,terakhir
latian,latihan
lau,kau
lawaaaas,lawas
lazy,malas
lbh,lebih
lbih,lebih
lbihh,lebih
lcu,lucu
le,boleh
learning,belajar
leave,tinggalkan
lebar2,lebar-lebar
lebayy,lebay
lebh,lebih
lebih,lebih
ledekin,ledeki
ledkin,meledeki
legit,asli
leh,boleh
lekong,laki
lengkapp,lengkap
lengkeeett,lengket
lenje,lenjeh
lepasin,melepas
less,kurang
levelw,level w
lg,lagi
lggeng,langgeng
lggi,lagi
lgi,lagi
lgipun,lagi pun
lgkah2,langkah-langkah
lgs,langsung
lgsg,langsung
lgsung,langsung
lgu,lagu
lgunya,lagunya
lh,lah
lh,boleh
lha,lah
lhat,lihat
lhir,lahir
lhirr,lahir
lhoo,loh
lhooo,loh
lht,lihat
liaat,lihat
liaatt,lihat
liad,lihat
liat,lihat
liat'y,lihatnya
liat2,lihat-lihat
liatiii,lihat
liatin,memperlihatkan
liatin,perlihatkan
liatlah,lihatlah
liatnya,lihatnya
liatnyaaa,lihatnya
liatt,lihat
liattt,lihat
life,hidup
lihaat,lihat
lihaatttt,lihat
liht,lihat
like,suka
liked,disukai
likeit,suka itu
likes,suka
lil,sedikit
limayan,lima yan
limit,batas
limited,terbatas
line,garis
links,tautan
lipetan,lipatan
liptsk,lipstik
list,daftar
listening,mendengarkan
little,sedikit
liyat,lihat
liyatnya,lihatnya
lkuin,lakukan
llki,lelaki
lluu,lu
lluuccuu,lucu
lm,lama
lma,lama
lngsing,langsing
lngsung,langsung
lnjut,lanjut
lnjutannya,lanjutannya
lo,kamu
load,muat
loaded,dimuat
loading,memuat
lodiang,loading
loding,loading
loe,lo
lohh,loh
lohh,lo
lohhh,loh
lohhhh,loh
lokasi,lokasi
loksyut,lokasi syuting
loncatt,loncat
loncattt,loncat
long,panjang
longer,lebih panjang
longg,panjang
longgggg,panjang
loo,loh
loo,lo
looh,loh
loohhh,loh
looking,mencari
looks,terlihat
looo,loh
loooh,loh
looohh,loh
looong,panjang
lossing,kehilangan
lost,hilang
lot,banyak
loud,keras
love,cinta
loved,dicintai
loveee,cinta
lovely,indah
loving,mencintai
low,rendah
lsg,langsung
lt,lantai
lu,kamu
luaarrr,luar
luang,luang
luccu,lucu
luchu,lucu
luck,keberuntungan
luco,lucu
lucu2,lucu-lucu
lucuk,lucu
lucukkkkk,lucu
lucunaaa,lucunya
lucunyah,lucunya
lucuu,lucu
lucuukk,lucu
lucuuu,lucu
lucuuuk,lucu
lucuuuu,lucu
lucuuuuu,lucu
lucuuuuuuuu,lucu
lucuuuuuuuuuu,lucu
lucux,lucunya
luh,lu
luhhh,lu
lumyan,lumayan
lupain,melupakan
lurusin,meluruskan
luthuna,lucunya
lutu,lucu
lutuna,lucunya
lutunaa,lucunya
lutunaaa,lucunya
luu,lu
luucuuu,lucu
luuuaar,luar
luuuucuuu,lucu
lw,lu
lw,kalau
lwt,lewat
lyt,lihat
m,sama
ma,sama
maaasss,mas
maacih,terima kasih
maafin,memaafi
maak,mak
maap,maaf
maapin,maaf
maapin,maafi
maau,mau
maauuu,mau
macam2,macam-macam
macem,macam
macem2,macam-macam
maen,main
maennya,mainnya
maenya,mainnya
mah,hanya
mahall,mahal
mahh,mah
mahhhh,mah
maho,manusia homo
mai,mau
main,main
main2,main-main
mainya,mainnya
majestic,megah
majuuu,maju
makany,makanya
makanyaa,makanya
makasi,terima kasih
makasih,terima kasih
make,memakai
make,pakai
makes,membuat
"maki""",maki-maki
making,membuat
makkk,mak
makny,maknya
maksa,paksa
maksain,memaksakan
maksd,maksud
maksih,terima kasih
maksir,menaksir
maksutku,maksudku
malah,malah
malam,malam
malangg,malang
malas,malas
malem,malam
males,malas
malh,malah
malingg,maling
malsudnya,maksudnya
malu2in,malu-malui
maluu,malu
maluuu,malu
maluuuu,malu
mama.nyy,mamanya
mamas,mas
mamax,mamanya
mamer,memamerkan
mampuussss,mampus
mampuuu,mampu
management,manajemen
mancing2,memancing-mancing
mancungin,memancungkan
mandep,mandek
mandiin,memandikan
mang,memang
manggil,panggil
manisnyaaaa,manisnya
manisss,manis
manjain,memanjakan
mansetan,bermanset
mansyoallah,masyaallah
manta,mantan
mantaaap,mantap
mantaaapppp,mantap
mantaap,mantap
mantab,mantap
mantabb,mantab
mantabs,mantab
mantaff,mantap
mantanny,mantannya
mantap,mantap
mantapp,mantap
mantappp,mantap
mantapppp,mantap
mantapppppp,mantap
manteb,mantap
manteep,mantap
mantengin,mantap
mantep,mantap
mantepp,mantap
manteppp,mantap
mantes,memantas
mantull,mantul
manusiy,manusia
many,banyak
mao,mau
marah2,marah-marah
marah2an,marah-marahan
marh,marah
markotop,terbaik
martabakk,martabak
marvelous,luar biasa
masa,masa
masa2,masa-masa
masaaaa,masa
masalahh,masalah
masi,masih
"masing""",masing-masing
masing2,masih
masing2,masing-masing
masio,masih
maslah,masalah
maso,masa
mass,massa
massss,mas
masterpiece,mahakarya
masukin,memasukkan
masukin,memasuki
masukin,masukkan
masyaallahhh,masyaallah
masyarakay,masyarakat
mata'y,matanya
matany,matanya
mataq,mataku
mateeeeeeeeeeee,mati
mateeeek,mati
"mati""an",mati-matian
matii,mati
mato,mata
mattihhh,mati
matul,mantul
mau,mau
mauu,mau
mauuu,mau
mauuuu,mau
mauuuuu,mau
mauuuuuu,mau
mauuuuuuu,mau
maw,mau
max,maksimal
may,mau
may,mungkin
mayan,lumayan
mayann,lumayan
maybe,mungkin
mb,mbak
mba,mbak
"mba""",mbak-mbak
mbaa,mbak
mbaaa,mbak
mbaaahhh,mbah
mbaaass,mbak
mbaak,mbak
mbaakk,mbak
mbahh,mbah
"mbak""",mbak-mbak
mbak2,mbak-mbak
mbaknyaahh,mbaknya
mbakx,mbaknya
mbanya,mbaknya
mbg,mbak
mbil,sambil
mbk,mbak
mblo,jomblo
mblooo,jomblo
mboizzz,bois
mbuh,embuh
mcm,macam
"mdh""",mudah-mudah
mdh2an,mudah-mudahan
mdh2n,mudah-mudahan
me,saya
mean,maksud
means,berarti
meanwhile,sementara itu
mebgasah,mengasah
mecahin,memecahkan
megang,memegang
meh,kurang
mehoonggggg,mahal
meker,mikir
melahirin,melahirkan
melakukn,melakukan
melebihin,melebihi
melihara,memelihara
meluk,memeluk
memainkanya,memainkannya
"membanding""",membanding-banding
membingung,membingungkan
membingungkan,membingungkan
memecahkn,memecahkan
memories,kenangan
menarik,menarik
menarikk,menarik
menasehati,menasihati
menbelah,membelah
mendam,memendam
mendapatkn,mendapatkan
mending,lebih baik
mendj,menjadi
mendownload,mengunduh
menegerti,mengerti
mengait2kan,mengait-ngaitkan
mengalahkn,mengalahkan
mengasyikan,mengasyikkan
mengherthii,mengerti
menghiburr,menghibur
menghilangkn,menghilangkan
mengikutii,mengikuti
mengirusi,mengurusi
mengncang,mengencang
mengperbolehkan,memperbolehkan
menit,menit
menjdi,menjadi
menjelekan,menjelekkan
menrutku,menurutku
"mentah""",mentah-mentah
"mentang""",mentang-mentang
menunggu,menunggu
menurur,menurut
menurutku,menurutku
menyebut2,menyebut-nyebut
menyenang,menyenangkan
menyenangkan,menyenangkan
menyenangkn,menyenangkan
meranin,memerankan
mereka2,mereka-mereka
merekaa,mereka
merekaaaa,mereka
merekak,mereka
meriahh,meriah
merindinggg,merinding
merka,mereka
merrid,merit
mesrany,mesranya
met,selamat
mf,maaf
mff,maaf
mg,moga
mgk,mungkin
mgkin,mungkin
mgkn,mungkin
mh,mah
miara,memiara
middle,tengah
mikir,pikir
mikir2,memikir-mikir
mikirin,memikirkan
mikirinnn,memikirkan
milih,memilih
milikin,memiliki
milking,memerah susu
mimin,admin
mimpiii,mimpi
min,minimal
mind,pikiran
mindblowing,menakjubkan
mines,tambang
minpi,mimpi
minta,meminta
mintk,minta
minute,menit
minutes,menit
"minyak""an",minyak-minyakan
miriiiiip,mirip
miriiiip,mirip
miriiippp,mirip
miriip,mirip
miring2,miring-miring
miriplahhhhhh,miriplah
miripp,mirip
mirippp,mirip
miripppp,mirip
mirp,mirip
misalnya,misalnya
miss,rindu
missing,hilang
misteri,misteri
mistery,misteri
mitnah,memfitnah
mixing,mencampur
mk,maka
mk.a,makanya
mkanya,makanya
mkin,makin
mkir,memikir
mkn,makin
mkn,makan
mknya,makanya
mks,terima kasih
mksd,maksud
mksdku,maksudku
mksdny,maksudnya
mksdnya,maksudnya
mksdx,maksudnya
mksh,terima kasih
mksih,terima kasih
mkst,maksud
mksud,maksud
mlah,malah
mlepaskan,melepaskan
mlh,malah
mlikk,milik
mlm,malam
mls,malas
mlt.a,mulutnya
mlu,malu
mlu,melulu
mlz,malas
mmang,memang
mmbanggakan,membanggakan
mmbela,membela
mmberi,memberi
mmberikan,memberikan
mmberikn,memberikan
mmbodohkan,membodohkan
mmg,memang
mmperbaiki,memperbaiki
mmz,mas
mn,mana
mna,mana
mnambh,menambah
mncoba,mencoba
mndapatkan,mendapatkan
mndaptkan,mendapatkan
mnding,mending
mndpat,mendapat
mndpt,mendapat
mnerima,menerima
mngasi,mengasih
mngerti,mengerti
mnghina,menghina
mngikuti,mengikuti
mngira,mengira
mngkannya,mangkanya
mngkin,mungkin
mnikmati,menikmati
mnilai,menilai
mnis2nya,manis-manisnya
mnisss,manis
mnit,menit
mnjadi,menjadi
mnjawab,menjawab
mnjdi,menjadi
mnjdkan,menjadikan
mnjijikaaaaaan,menjijikkan
mnjmput,menjemput
mnjual,menjual
mnrtkuu,menurutku
mnt,minta
mnt,menit
mnta,minta
mntaap,mantap
mntap,mantap
mntn,mantan
mnusuk,menusuk
mnutup,menutup
mo,mau
model2,model-model
modes,modis
moga,semoga
mohom,mohon
mohon,mohon
momento,momen
monoton,monoton
month,bulan
months,bulan
mood,suasana hati
moqa,moga
more,lebih
most,paling
motret,memotret
movement,gerakan
movie,film
mrah,marah
mrangkul,merangkul
mreka,mereka
mrekaa,mereka
mrekaaaa,mereka
mrip,mirip
mrit,merit
mrk,mereka
mrka,mereka
mrnghadapi,menghadapi
mrusak,merusak
ms,masih
ms,film pembunuhan
"ms""",masa-masa
msa,masa
msalah,masalah
msg2,masing-masing
msh,masih
msh,ms
msih,masih
msk,masuk
mskasih,terima kasih
msknya,masaknya
mslh,masalah
mslhnya,masalahnya
mst,mesti
msuk,masuk
mt,masih
mtanya,matanya
mti,mati
muali,mulai
mualll,mual
muantaap,mantap
muantep,mantap
muantteepp,mantap
much,banyak
muchh,banyak
mudaa,muda
"mudah""an",mudah-mudahan
"mudah""n",mudah-mudahan
mudah2,mudah-mudah
mudah2an,mudah-mudahan
mudah2n,mudah-mudahan
mudahan,semoga
"mudh""an",mudah-mudahan
muga,moga
"muka""",muka-muka
muka2,muka-muka
mukae,mukanya
mukanyaa,mukanya
mukax,mukanya
muke,muka
mulai,mulai
muliany,mulianya
mulu,melulu
mulusssss,mulus
mulut2,mulut-mulut
mulutny,mulutnya
mulutnyaaa,mulutnya
muluuu,melulu
muna,munafik
munaafikk,munafik
munafikk,munafik
munder,pembunuhan
mungki,mungkin
mungkiin,mungkin
mupeng,muka pengin
muraaaaah,murah
murahhh,murah
murders,pembunuhan
murdur,pembunuhan
murhan,murahan
murmer,murah meriah
must,harus
musti,mesti
mutar,putar
muter,putar
mutihin,memutihkan
mutuain,memutuskan
mutusin,memutuskan
muuuu,mu
mw,mau
my,saya
mybe,maybe
mysteries,misteri
mysterious,misterius
mystery,misteri
mz,mas
na,nya
naaaa,nya
naaaaahh,nah
naaaak,nak
naaahhh,nah
naek,naik
nafass,nafas
nafkahin,menafkahi
naggung,menanggung
nagiss,menangis
nahan,menahan
nahannnn,tahan
nahh,nah
nahhh,nah
nais,nice
naise,nice
najiss,najis
naka,nakal
naksir,menaksir
nakutin,menakutkan
nama.a,namanya
nama'in,namai
"nama""",nama-nama
namain,menamai
namain,namai
namany,namanya
namax,namanya
nambah,bertambah
nambah,menambah
nambah,tambah
nambahh,bertambah
nambahin,tambahkan
nambahnya,tambahnya
named,bernama
namnya,namanya
nampak,menampak
nampar,menampar
nanget,banget
nanggepin,menanggapi
nangiiiiis,menangis
nangiiis,menangis
nangiis,menangis
nangis,menangis
"nangis""",menangis-nangis
nangiss,menangis
nangisss,menangis
nantangin,menantang
nantii,nanti
nantiii,nanti
nantik,nanti
nanya,tanya
nanya,bertanya
napa,kenapa
napsuu,napsu
nari,menari
narik,menarik
nasehatin,menasihati
natap,menatap
naturalllll,natural
nawarin,menawari
nayse,nice
ncek,encek
nd,indak
nda,indak
ndak,indak
ndak,tidak
ndukung,mendukung
ndut,gendut
ne,ini
neat,rapi
nebak,nebak
nee,ini
need,perlu
needs,kebutuhan
negri,negeri
neh,nih
neko2,neko-neko
nembak,menembak
nempel,menempel
nemu,temu
nemuin,menemukan
"nenek""",nenek-nenek
nenek2,nenek-nenek
nengok,menengok
nentuin,menentukan
nerawang,menerawang
nerima,menerima
nerusin,meneruskan
netaas,menetas
netes,menetes
network,jaringan
never,tidak pernah
new,baru
newbie,pemula
next,berikutnya
ng,tidak
nga,tidak
ngabisin,habiskan
ngabisinnya,habiskan
ngaca,mengaca
ngacaaa,mengaca
ngaco,mengaco
ngadain,mengadakan
ngademin,mengademkan
ngadi,ngadi
ngadu,mengadu
ngajak,mengajak
ngajar,mengajar
ngajarin,mengajari
ngaji,mengaji
ngajuin,mengajukan
ngak,tidak
ngakaaaakkk,mengakak
ngakak,mengakak
ngakakkk,mengakak
ngaku,mengaku
"ngaku""",mengaku-ngaku
ngalah,mengalah
ngalahin,mengalahkan
ngalir,mengalir
ngalirrrrr,mengalir
ngamatin,mengamati
ngambek,mengambek
ngambekan,ambekan
ngambeknya,mengambeknya
nganbek,mengambek
nganggepin,menanggapi
ngantar,mengantar
nganteng,ganteng
nganterin,mengantarkan
ngantri,mengantri
ngapa,kenapa
ngapain,mengapai
ngapain,mengapa
ngapasih,mengapa sih
ngapus,menghapus
ngarang,mengarang
ngarep,mengharap
ngareppppp,mengharap
ngarsipin,mengarsipkan
ngasah,asah
ngasi,mengasih
ngasih,mengasih
ngasih,kasih
ngasih2,mengasih-ngasih
ngata2in,mengata-ngatai
ngata2in,mengatai-ngatai
ngatai,mengatai
ngatain,mengatai
ngatur,mengatur
ngayal,mengkhayal
ngcpin,mengucapkan
ngebala,bala
ngebales,membalas
ngebantu,membantu
ngebedain,membedakan
ngebela,membela
ngebelain,membela
ngebenci,membenci
ngebiarin,membiarkan
ngeblank,blank
ngebolehin,membolehkan
ngebosenin,membosankan
ngebuat,buat
ngebug,bug
ngebuktiin,membuktikan
ngecek,mengecek
ngecharge,charge
ngecheck,check
nged,banget
ngeditnya,mengeditnya
ngedukung,mendukung
ngefans,fan
ngefreeze,freeze
ngegame,main game
ngegampar,menggampar
ngegantiin,menggantikan
ngegemesin,menggemaskan
ngegmesin,menggemaskan
ngeh,engah
ngehabisin,habiskan
ngehakimi,menghakimi
ngehancurin,menghancurkan
ngehina,menghina
ngehujat,menghujat
ngeidealin,mengidealkan
ngejatuhin,manjatuhkan
ngejelek,menjelekkan
ngejelek2in,menjelek-jelekkan
ngejilat,menjilat
ngejuangin,memperjuangkan
ngekeh,kekeh
ngekek,mengekek
ngeklik,klik
ngelag,lag
ngelahirin,melahirkan
ngelakuin,melakukan
ngelaporin,melaporkan
ngelarang,melarang
ngelawak,melawak
ngelawan,melawan
ngelewati,melewati
ngeliat,melihat
ngeliatin,melihati
ngeliatnya,melihatnya
ngelihat,melihat
ngelihat,lihat
ngelihatnya,melihatnya
ngeluarin,mengeluarkan
ngeluarin,keluarkan
ngelucu,melucu
ngeluh,ngelu
ngembali,kembali
ngemeng,mengomong
ngepake',memakai
ngepoin,mengepoi
ngerampas,merampas
ngerasa,merasa
ngerasa,rasa
ngerasain,merasai
ngerayain,merayakan
ngerebut,merebut
"ngerebut""",merebut-rebut
ngerendahin,merendahkan
ngerespon,merespons
ngeri2,ngeri-ngeri
ngerii,ngeri
ngeriiiiii,ngeri
ngerjain,kerjain
ngerrrriiii,ngeri
ngerti,mengerti
ngertii,mengerti
ngertiin,mengerti
ngerussak,merusak
ngeselin,mengesalkan
ngeselin,menyebalkan
ngestuck,stuck
nget,banget
ngetik,mengetik
ngets,banget
ngetsz,banget
ngettt,banget
ngeuh,engah
ngfans,fan
ngg,tidak
ngga,tidak
nggak,tidak
nggali,menggali
nggeh,engah
ngggk,tidak
nggk,tidak
ngidam,mengidam
ngikutin,mengikuti
ngilang,menghilang
ngilangin,menghilangkan
ngilerrrr,mengiler
ngimpi,mimpi
ngingetin,mengingatkan
nginjek,menginjak
ngintilin,mengintil
ngintip,mengintip
ngiri,mengiri
ngiriii,mengiri
ngirim,mengirim
ngiringan,mengiringi
ngiritya,mengiritnya
ngisi,isi
ngisiny,isinya
ngisinya,isinya
ngisinyaa,isinya
ngisix,isinya
ngitem,menghitam
ngk,tidak
ngkkkkkk,mengakak
ngmg,mengomong
ngmgin,mengomongkan
ngmng,mengomong
ngmngin,mengomongkan
ngmngnya,mengomongnya
ngobrol,mengobrol
ngoceh,mengoceh
ngocok,mengocok
ngolokin,mengolok
ngom,mengomong
ngomen,mengomentari
ngomenin,mengomentari
ngomentarin,mengomentari
ngomentnya,mengomentarinya
ngomng,mengomong
ngomomg,mengomong
ngomong,mengomong
ngomong,omong
"ngomong""",ngomong-ngomong
ngomongin,mengomongkan
ngomongnya,mengomongnya
ngorbanin,mengorbankan
ngp,mengapa
ngrasain,merasai
ngrebut,merebut
ngri,negeri
ngriii,mengiri
ngrti,mengerti
ngrusak,merusak
ngrusin,mengurusi
ngtain,mengatai
ngtif,negatif
ngubah,ubah
nguburin,menguburkan
ngucapin,mengucapkan
ngulangin,mengulangi
ngumbar,mengumbar
ngumbar2,mengumbar-umbar
ngumpat2,mengumpat-ngumpat
"ngumpet""",mengumpet-ngumpet
ngumpulin,kumpulkan
ngumung,mengomong
ngungkapin,ungkapin
ngungkit2,mengungkit-ungkit
nguras,kuras
ngurus,mengurus
ngurusan,mengurusi
ngurusin,mengurusi
ngurusin,mengurus
nh,nih
nha,nya
ni,ini
ni,nih
nice,bagus
nich,nih
nie,ini
nie,nih
nih2,nih-nih
nihh,nih
nihhh,nih
nii,ini
niih,nih
niihh,nih
niiih,nih
niiihh,nih
niiihh,ini
niiiihh,nih
nikaah,nikah
nikahin,menikahi
nikmatin,menikmati
nilai2,nilai-nilai
nimpuk,menimpuk
ninggalin,meninggalkan
ninggiin,meninggikan
niru,meniru
niyyyyhhhh,nih
njay,anjay
njayyy,anjay
njerr,anjir
njiirr,anjir
njir,anjir
njirr,anjir
njirrr,anjir
njrittt,anjir
nm,nama
nmbah,bertambah
nmbah,menambah
nmbk,menembak
nmnya,namanya
nmpk,nampak
nmr,nomor
nnt,nanti
nnti,nanti
nntisaya,nanti saya
nntn,menonton
nnton,menonton
nnton,nonton
no,tidak
nobar,menonton bareng
nobodies,tidak ada
nolongin,menolong
nonton,menonton
nonton,nonton
nontonnnn,menonton
nontonny,menontonnya
nontonx,menontonnya
nontonya,menontonnya
nontoonnn,menonton
not,tidak
nothing,tidak ada
nothink,tidak berpikir
notice,perhatikan
notif,notifikasi
notification,notifikasi
novembr,november
now,sekarang
nraktir,mentraktir
nrka,neraka
nt,nanti
ntab,mantab
ntaf,mantap
ntah,entah
ntap,mantap
ntappp,mantap
ntapsss,mantap
ntar,entar
ntar,nanti
nti,nanti
ntik,cantik
ntikk,cantik
ntn,menonton
nton,menonton
ntr,entar
ntr,nanti
nuduh,menuduh
nulis,menulis
nulis,tulis
nunduk,menunduk
nunggu,menunggu
nunggu,tunggu
nungguin,menunggu
nungguin,tungguin
nungguinya,tungguinya
nunggunya,tunggunya
nuntut,menuntut
nusuk,menusuk
"nutup""in",menutup-nutupi
nutupin,menutupi
ny,nya
nya,ya
nya,nya
nyaa,nya
nyaaa,nya
nyaaaa,nya
nyaaaaaaa,nya
nyaaaaaaaaa,nya
nyaaaaaaaaaaaaa,nya
nyadar,menyadari
nyadar,sadar
nyadar,menyadar
nyah,nya
nyakitin,menyakiti
nyalahin,menyalahkan
nyalakan,nya alurnya
nyamain,menyamakan
nyambet,menyambat
nyambung,menyambung
nyambungin,menyambung
nyampah,menyampah
nyampe,sampai
nyampein,menyampaikan
nyampek,sampai
nyampenya,sampainya
nyangka,menyangka
nyangka,kira
nyangkaa,menyangka
nyangkutnya,menyangkutnya
nyanyiin,menyanyikan
nyanyiin,nyanyikan
nyanyiin,menyanyi
nyaranin,menyarankan
nyaranin,menyarani
nyari,mencari
nyari,cari
nyaru,menyaru
nyatakan,menyatakan
nyatok,mencatok
nyebelin,menyebalkan
nyebur,mencebur
nyebut2,menyebut-nyebut
nyebutin,menyebutkan
nyela,mencela
nyelesaiin,selesaikan
nyelesain,menyelesaikan
nyelesian,selesaikan
nyempetin,menyempatkan
nyender,menyandar
nyenengin,menyenangkan
nyengir,menyengir
nyeniii,menyeni
nyeplak,menjiplak
nyerang,menyerang
nyerocooooos,mencerocos
nyerocos,mencerocos
nyesek,menyesak
nyesel,menyesal
nyesel,sesal
nyesell,menyesal
nyet,monyet
nyia2in,menyia-nyiakan
nyimak,menyimak
nyimpen,menyimpan
nyindir,menyindir
nyindirin,menyindir
nyinyirin,nyinyir
nyir2,nyinyir
nyo,nya
nyoba,mencoba
nyoba,coba
nyobain,mencoba
nyobain,cobain
nyok,yuk
nyolong,mencolong
nyolot,menyolot
nyolotinnnn,menyolot
nyq,nya
nyta,nyata
nyubit,mencubit
nyubitt,mencubit
nyupir,menyopir
nyusahhin,menyusahkan
nyusahin,menyusahkan
nyusul,menyusul
oalaaaa,walah
objeck,objek
object,objek
objek,objek
oce,oke
of,dari
ofline,offline
oh,oh
ohh,oh
ohhhh,oh
ok,ok
okat,ok
okay,ok
oke,ok
okee,ok
okeee,ok
okeeee,ok
okelah,okelah
okey,ok
okokok,ok
oks,ok
oles2,oles-oles
oma2,oma-oma
omaaaaaaakk,oma
omdo,omong doang
omongin,mengomongkan
omongin,omongkan
on,pada
one,satu
ongkiir,ongkir
ongkirr,ongkir
online,online
only,hanya
ono,sono
onoh,sono
ooh,oh
oom,om
oooh,oh
oopss,ups
open,buka
opened,dibuka
oplas,operasi plastik
oprasi,operasi
oprasiya,operasinya
option,pilihan
or,orang
or,atau
orabg,orang
"orang""",orang-orang
"orang""nya",orang-orangnya
orang2,orang-orang
orangg,orang
org,orang
org,organisasi
org2,orang-orang
orgny,orangnya
orgtuanya,orang tuanya
ori,orisinal
orient,orientasi
orlaen,orang lain
orng,orang
orrunya,orang tuanya
ortu,orang tua
ortuny,orang tuanya
ortunya,orang tuanya
otaaaakkkk,otak
other,lain
others,lainnya
otot2,otot-otot
our,kita
out,keluar
over,selesai
overall,keseluruhan
overnight,semalaman
overwhelming,luar biasa
owalaah,walah
owh,oh
own,sendiri
oya,iya
pa,apa
pa2,apa-apa
paaak,pak
paati,pasti
pacara,pacaran
pacarane,pacarannya
pacaranya,pacarannya
pacarn,pacaran
pacarnyaa,pacarnya
pacarr,pacar
pacarrr,pacar
pack,paket
padahal,padahal
padahall,padahal
padahl,padahal
padet,padat
padetan,padatan
padhal,padahal
padhe,pakde
padhl,padahal
pahalax,pahalanya
pahamin,pahami
pahamin,memahami
pait,pahit
pake,pakai
pakek,pakai
pakke,pakai
paksain,memaksa
paksain,memaksakan
pala,kepala
palgi,apalagi
palinf,paling
palingann,palingan
pan,kapan
panasran,penasaran
pandanginya,memandanginya
panggilan'y,panggilannya
panggilan'ya,panggilannya
panglingg,pangling
pankapan,kapan-kapan
pans,fan
pantes,pantas
pantess,pantas
papahhhnya,papahnya
papiii,papi
para2,parah-parah
paraa,para
paraaah,parah
paraah,parah
parah,parah
parahh,parah
paripurnahh,paripurna
parsis,persis
part,bagian
pas2an,pas-pasan
pasangn,pasangan
"pasien""nya",pasien-pasiennya
pass,pas
pass,lulus
passion,passion
passs,pas
past,pasti
pastii,pasti
patient,sabar
pavorit,favorit
pay,bayar
payahh,payah
paying,membayar
pcar,pacar
pcaran,pacaran
pcaranya,pacarannya
pcarny,pacarnya
pcran,pacaran
pcrn,pacaran
pcrnya,pacarnya
pd,pada
pd,percaya diri
pda,pada
pdahal,padahal
pdahl,padahal
pdhal,padahal
pdhall,padahal
pdhl,padahal
pdng,padang
pecahhg,pecah
pede,percaya diri
pedes,pedas
pedesssss,pedas
peduliin,mempedulikan
pedulilaaaah,pedulilah
peen,pengin
peengn,pengin
pegang2,pegang-pegang
pegangin,memegang
pelastik,plastik
peleotin,meleot
peliharaaaa,pelihara
pelit,pelit
pelwak,pelawak
pemainy,pemainnya
pembaruannya,pembaruannya
pemberitahuan,pemberitahuan
pen,pengin
penambhaab,penambahan
penasaraaann,penasaran
penasaran,penasaran
penasarannnn,penasaran
penasarn,penasaran
penbelian,pembelian
pendapatan,pendapatan
pengalam,pengalaman
pengan,pengin
penganten,pengantin
pengeeenn,pengin
pengeluaranya,pengeluaranya
pengen,pengin
pengenn,pengin
pengennn,pengin
pengennnn,pengin
penggunaqn,penggunaan
penghrgaan,penghargaan
pengikuy,pengikut
pengisiaanya,pengisiannya
pengn,pengin
pengrusak,perusak
pengunaan,penggunaan
pensaran,penasaran
pentass,pentas
pentingg,penting
penuh,penuh
penuhin,penuhi
penyakitny,penyakitnya
penyanyi2,penyanyi-penyanyi
penyebab2,penyebab-penyebab
people,orang
peragain,peragakan
perasaanny,perasaannya
perbaiki,perbaiki
perbaikin,memperbaiki
perbulannn,perbulan
percakapanx,percakapannya
percakapanya,percakapannya
percya,percaya
perfect,sempurna
perhatiam,perhatian
perhatiin,perhatikan
perilakuny,perilakunya
perjabatt,pejabat
permaian,permainan
permainannya,permainannya
permainanya,permainannya
permasalhkan,permasalahkan
perna,pernah
pernikahn,pernikahan
persatu,per satu
person,orang
personill,personil
pertamany,pertamanya
pertma,pertama
perubut,perebut
pesen,pesan
petinggi2,petinggi-petinggi
petualangan,petualangan
pg,pagi
pgen,pengin
pgi,pagi
pgin,pengin
pgn,pengin
pgnnya,penginnya
phone,telepon
pi,tapi
pick,pilih
piiiilih,pilih
piiink,pink
"pikir""",pikir-pikir
pilihannny,pilihannya
pilihnmu,pilihanmu
pilm,film
Pin: D13C5990 / Wa: 089682981123 ? produknya aman banget ? ga ada efek samping dan ketergantungan? ,"  Udah dapat sertifikat ? BPOM dan ? Halal MUI juga (y)"""
Pin. 5E8CA768 / Wa. 081322083838 ? produknya aman banget ? ga ada efek samping dan ketergantungan? ,"  Udah dapat sertifikat ? BPOM dan ? Halal MUI juga (y)"""
pingin,pengin
pingin,ingin
pinginnn,pengin
pinkkkk,pink
pinter,pintar
pintr,pintar
pipi'y,pipinya
pipine,pipinya
pipinyaaa,pipinya
pity,kasihan
pjang,pajang
pjg,panjang
pk,pakai
pkai,pakai
pke,pakai
pkee,pakai
pkek,pakai
pkk,pakai
pkoknya,pokoknya
pkoknyaa,pokoknya
pkrin,pikirkan
pla,pula
plaay,play
place,tempat
plampiasannn,pelampiasan
plane,pesawat
play,main
played,dimainkan
player,pemain
playing,bermain
playstore,play store
playtime,waktu main
please,tolong
pleasedont,tolong
pleasee,tolong
pleaseee,tolong
pleaseeeee,tolong
pleaseeeeee,tolong
plg,pulang
plg,paling
pling,paling
plingan,palingan
plis,tolong
pliss,tolong
plisss,tolong
pljaran,pelajaran
pljrn,pelajaran
plot,alur
pls,tolong
plsa,pulsa
pluk,peluk
plus,tambah
plz,tolong
pmbantu,pembantu
pmbelajaran,pembelajaran
pmbyran,pembayaran
pndah,pindah
pndang,pandang
pndapat,pendapat
pngen,pengin
pngenn,pengin
pngn,pengin
pnjang,panjang
pnjerumus,penjerumus
pnjng,panjang
pnjual,penjual
pnting,penting
pnuh,penuh
pny,punya
pnya,punya
pnyaa,punya
point,poin
poko,pokok
pokok'a,pokoknya
pokoknya,pokoknya
pokonya,pokoknya
polll,pol
pollll,pol
ponakn,ponakan
poollll,pol
poool,pol
poooolllll,pol
poor,buruk
positippp,positif
possible,mungkin
pour,tuang
poured,dituang
power,daya
powernya,dayanya
ppa,papa
practice,latihan
praktekin,mempraktikkan
prasaan,perasaan
prawatan,perawatan
prcuma,percuma
prcy,percaya
prcya,percaya
prempuan,perempuan
presented,disajikan
pretty,cantik
prh,parah
prhatian,perhatian
price,harga
prinadi,pribadi
prioritize,prioritaskan
prjuangan,perjuangan
prlu,perlu
prmpuan,perempuan
prnah,pernah
prnh,pernah
probably,mungkin
problem,masalah
prodac,produk
prodak,produk
prodaknya,produknya
promil,program hamil
promise,janji
promoo,promo
protestin,protestan
proud,bangga
prsatukn,persatukan
prtamax,pertamanya
prwatn,perawatan
prwtn,perawatan
ps,pas
psangan,pasangan
psgn,pasangan
pst,pasti
psti,pasti
psychiatric,jiwa
pu,punya
pucing,pusing
pukulin,pukuli
pulaa,pula
pulak,pula
punn,pun
punyaaa,punya
pura2,pura-pura
purchase,beli
push,dorong
pusingggg,pusing
putihh,putih
putihnyaa,putihnya
puzle,puzzle
puzlenya,puzzlenya
puzzle,puzzle
px,punya
py,punya
pyudara,payudara
q,ku
q,aku
qaqaaaa,kakak
qm,kamu
qmu,kamu
qo,kok
qt,kita
qta,kita
qu,ku
quality,kualitas
quarter,kuartal
quest,pencarian
quick,cepat
quickly,dengan cepat
quicklyyy,dengan cepat
quit,berhenti
quite,cukup
quota,kuota
rada,agak
rajin2,rajin-rajin
rame2,rame-rame
ramee,rame
rana,ranah
random,acak
rapi,rapi
rapih,rapi
rasaiin,rasai
rasain,rasai
rasain,merasai
rasakn,rasakan
rata,rata
rata2,rata-rata
rate,nilai
rb,ribu
reading,membaca
real,nyata
realistic,realistis
really,sangat
realness,kenyataan
realy,sangat
recently,baru-baru ini
recharge,isi ulang
rechargenya,isi ulangnya
recharging,mengisi ulang
recomand,rekomendasi
recomend,rekomendasi
recomendasinya,rekomendasinya
recomended,direkomendasikan
recommend,rekomendasi
recommendasi,rekomendasi
recommended,direkomendasikan
recount,menceritakan kembali
recover,pulih
recovers,pulih
recovery,pemulihan
redho,ridho
reduce,kurangi
refil,isi ulang
refill,isi ulang
refilnya,isi ulangnya
refresh,segarkan
regen,regenerasi
regenerate,regenerasi
regenerating,meregenerasi
rekomen,rekomendasi
rekomendain,rekomendasikan
rekomendasiiin,merekomendasikan
rekomendasiin,merekomendasikan
rekomendasiin,rekomendasikan
rekomndd,rekomendasi
relaaaa,rela
release,rilis
reload,muat ulang
remang2,remang-remang
remind,ingatkan
rempong,repot
repair,perbaiki
replenished,diisi ulang
replenishment,pengisian ulang
reponding,merespon
repong,repot
repot2,repot-repot
required,dibutuhkan
respawn,muncul kembali
respom,respon
respon,respon
responding,merespon
rest,istirahat
restart,mulai ulang
restore,pulihkan
restored,dipulihkan
review,ulasan
reward,hadiah
rewardnya,hadiahnya
rezeqinya,rezekinya
rezki,rezeki
ributin,meributkan
riddles,teka-teki
ridiculous,konyol
right,benar
rilis,rilis
rinduuuuuuu,rindu
rinduuuuuuuuu,rindu
rinduuuuuuuuuu,rindu
rmbt,rambut
rmbut,rambut
rmbutnya,rambutnya
rmbuut,rambut
rmh,rumah
romantisny,romatisnya
romantiss,romantis
romantiz,romantis
romntis,romantis
room,ruangan
rpt2,repot-repot
rumh,rumah
rumpiin,rumpi
run,jalan
runs,berjalan
rupa2nya,rupa-rupanya
rusakkk,rusak
s,si
s,sih
s'lalu,selalu
s*inetr*n,sinetron
s3ndiri,sendiri
saaaaddd,sangat sedih
saat2,saat-saat
saayyyyy,say
sabaarrr,sabar
sabal,sabar
sabaro,sabar
sabarr,sabar
sabarrr,sabar
sabarrrrr,sabar
sabgat,sangat
sad,sedih
sadis2,sadis-sadis
safe,aman
sahabatt,sahabat
saia,saya
said,berkata
saking,karena
sakit,sakit
salaam,salam
salahin,salahkan
salammmm,salam
salehah,salihah
salfok,salah fokus
salluutt,salut
saltummmm,salah kostum
sam,sama
sama,sama
"sama""",sama-sama
sama2,sama-sama
samaa,sama
samaaaa,sama
samara,sakinah mawadah rahman
sambil,sambil
same,sama
samoga,semoga
sampag,sampah
sampah,sampah
sampai2,sampai-sampai
sampau,sampai
sampe,sampai
sampein,sampaikan
sampek,sampai
sampis,sampah habis
sampw,sampai
sandi,sandi
sangaaattt,sangat
sangaat,sangat
sangat2,sangat-sangat
sangatt,sangat
sangattt,sangat
sanggat,sangat
sangking,saking
sangt,sangat
sanpai,sampai
santab,santap
santay,santai
sapa2,sapa-sapa
saranin,menyarankan
saranin,sarankan
sarankan,sarankan
sasama,sesama
satisfaction,kepuasan
satisfying,memuaskan
sattt,satu
satupunn,satupun
satuu,satu
satuuuuu,satu
saudra,saudara
save,simpan
say,sayang
say,katakan
saya,saya
saya2,saya-saya
sayaa,saya
sayaang,sayang
sayang,sayang
sayangg'',sayang-sayang
sayanggg,sayang
sayangggq,sayangku
sayangkuh,sayangku
sayangkuuuuu,sayangku
sayangny,sayangnya
sayangx,sayangnya
sayapun,saya pun
saying,mengatakan
sayy,sayang
sayyy,say
sbagai,sebagai
sbaiknya,sebaiknya
sbb,sebab
sbbrnya,sebenarnya
sbbyak,sebanyak
sbelah,sebelah
sbelum,sebelum
sbenernya,sebenarnya
sbentar,sebentar
sbg,sebagai
sbgai,sebagai
sbhabat,sahabat
sblah,sebelah
sblh,sebelah
sblm,sebelum
sblmny,sebelumnya
sblmnya,sebelumnya
sblum,sebelum
sbnarnya,sebenarnya
sbnrny,sebenarnya
sbntar,sebentar
sbnyak,sebanyak
sbr,sabar
sbuah,sebuah
sby,surabaya
scene,adegan
scpatny,secepatnya
scr,secara
scra,secara
screen,layar
script,skrip
sdah,sudah
sdg,sedang
sdgkn,sedangkan
sdh,sudah
sdikit,sedikit
sdkit,sedikit
sdkit2,sedikit-sedikit
sdkt,sedikit
sdri,sendiri
seakan,seakan
seandainy,seandainya
search,cari
searching,mencari
season,musim
"sebaik""",sebaik-baik
sebel,sebal
sebelum2nya,sebelum-sebelumnya
sebelumbya,sebelumnya
sebenernya,sebenarnya
sebentr,sebentar
sebnyak,sebanyak
sebulan,sebulan
"seburuk""",seburuk-buruk
seburuk2,seburuk-buruk
secara,secara
second,kedua
section,bagian
sedangkn,sedangkan
sedari,sedari
sedihh,sedih
sedihhh,sedih
sedikik,sedikit
sedikitlaahh,sedikitlah
see,sih
see,lihat
seeeemua,semua
seeeruuuuuuuuuuu,sangat seru
seeh,sih
seehh,sih
seem,tampak
"segala""ny",segala-galanya
segala2nya,segala-galanya
seger,segar
segera,segera
segerr,segar
segerrrr,segar
segitunya,sebegitunya
segtu,sebegitu
seh,sih
sehabis,setelah
seharian,seharian
seharus,seharusnya
seharusny,seharusnya
sehat2,sehat-sehat
sehh,sih
seindonesiyah,seindonesia
sekaeang,sekarang
sekai,sekali
sekale,sekali
sekaleee,sekali
sekaleh,sekali
sekali2,sekali-kali
sekalii,sekali
sekaliiii,sekali
sekaliiiii,sekali
sekangen2,sekangen-kangen
sekarang,sekarang
sekarng,sekarang
sekian,sekian
seklian,sekalian
sekolahin,sekolahkan
sekrang,sekarang
sekrng,sekarang
seksii,seksi
selain,selain
selaloe,selalu
selaluu,selalu
selanjut,selanjutnya
selebihnya,selebihnya
selesaiin,selesaikan
sellow,selow
selmat,selamat
selmnya,selamanya
selmt,selamat
seluru,seluruh
semaleman,semalaman
semangaatt,semangat
semangaatttt,semangat
semangatt,semangat
semangattt,semangat
sembuhin,menyembuhkan
"sembunyi""""",sembunyi-sembunyi
semngat,semangat
semntara,sementara
semoga,semoga
semogaa,semoga
sempet,sempat
sempurnaa,sempurna
sempurnaaaaa,sempurna
semua,semua
Semua ada disini tuk keperluan Fashion,"tas & Sepatu.."""
semuaa,semua
semuaaa,semua
semuannyaaa,semuanya
semuanyaa,semuanya
semuanyaaaa,semuanya
senang2,senang-senang
senangat,semangat
sendeng,senang
sendirii,sendiri
sendirinnya,sendirinya
sendirinyya,sendirinya
sendirir,sendiri
sendri,sendiri
seneeeeeng,senang
seneng,senang
senengg,senang
senenggg,senang
senengin,senangi
sense,rasa
senyumin,senyumi
senyumna,senyumnya
seorg,seorang
seprti,seperti
serasiii,serasi
serem,seram
"serem""",seram-seram
serem2,seram-seram
sering2,sering-sering
seriously,serius
seru,seru
seru2,seru-seru
seru2an,seru-seruan
seruu,seru
seruuu,seru
seruuuu,seru
seruuuuu,seru
seruuuuuu,seru
seruuuuuuuuu,seru
seruuuuuuuuuuuu,seru
server,server
sesatt,sesat
sesekk,sesak
setabil,stabil
setelur2nya,setelur-telurnya
seterong,setrong
setju,setuju
setujuuu,setuju
setujuuuu,setuju
several,beberapa
sewain,menyewa
sexi,seksi
sexi2,seksi-seksi
sexxi,seksi
sey,sih
sgampang,segampang
sgla,segala
sgt,sangat
sgtu,sebegitu
sgtu'y,sebegitunya
shaaaay,say
shaay,say
shabat,sahabat
sharpen,pertajam
sharusnya,seharusnya
shat,sehat
shay,say
shayy,say
shayyy,say
shbat,sahabat
shbt,sahabat
shg,sehingga
ship,kapal
sholihah,salihah
short,pendek
should,harus
si,sih
si,si
sia2kan,sia-siakan
siapa2,siapa-siapa
siapaa,siapa
siapayahh,siapa ya
siappa,siapa
sibukx,sibuknya
sich,sih
sichh,sih
sichhhhhhhhhh,sih
sie,sih
signal,sinyal
sihat,sehat
sihh,sih
sihhh,sih
sihhhh,sih
sihhhhh,sih
sii,sih
siih,sih
siihh,sih
siihhh,sih
siiih,sih
siiihh,sih
siiihhh,sih
siiiiiiippppppppp,sip
siiipppp,sip
siip,sip
siipp,sip
siippp,sip
"sikap""",sikap-sikap
silahkan,silakan
silahkn,silakan
silauuu,silau
silsturahmi,silaturahmi
simpen,simpan
since,sejak
sinet,sinetron
sintron,sinetron
sipiit,sipit
sipp,sip
sir,tuan
siriik,sirik
sirikk,sirik
sisain,menyisakan
sisanya,sisanya
sista2,sista-sista
sistem,sistem
sitayngin,ditayangkan
sj,saja
sja,saja
sjk,sejak
sk,suka
ska,suka
skali,sekali
skali2,sekali-kali
skaligus,sekaligus
skalii,sekali
skarang,sekarang
skedar,sekadar
skg,sekarang
skip,skip
skit,sakit
skitar,sekitar
sklh,sekolah
skli,sekali
sklinyaa,sekalinya
skluarga,sekeluarga
skolah,sekolah
skr,sekarang
skrang,sekarang
skrg,sekarang
skrng,sekarang
skrngnya,sekarangnya
skrnh,sekarang
skt,sakit
sktika,seketika
sktlrang,sekarang
slah,salah
slahkan,salahkan
slalu,selalu
slaluuuuu,selalu
slam,salam
slama,selama
slamat,selamat
slamet,selamat
slamt,selamat
slh,salah
slhkan,salahkan
sling,saling
sll,selalu
sllu,selalu
slm,salam
slmat,selamat
slmnya,salamnya
slmt,selamat
slmttt,selamat
slow,lambat
slowly,perlahan
slw,selow
sm,sama
sm2,sama-sama
sma,sama
sma2,sama-sama
smakin,semakin
small,kecil
smangat,semangat
smart,pintar
smbil,sambil
smentara,sementara
smg,semoga
smga,semoga
smgaa,semoga
smkin,semakin
smlman,semalaman
smnagatin,menyemangati
smngat,semangat
smnjak,semenjak
smog,semoga
smoga,semoga
smogaaa,semoga
smooth,lancar
smoothly,dengan lancar
smp,sampai
smpai,sampai
smpe,sampai
smpi,sampai
smpt,sempat
smrg,semarang
smster,semester
smua,semua
smuaaa,semua
smulla,semula
smvk,sempak
smw,semua
sna,sana
sndiri,sendiri
sndr,sendiri
sndri,sendiri
sneng,senang
sngaja,sengaja
sngt,sangat
so,sok
so,jadi
soal'y,soalnya
soalx,soalnya
sodara,saudara
soga,moga
sok2,sok-sok
sok2an,sok-sokan
sokk,sok
solitaire,solitaire
solution,solusi
solve,selesaikan
solved,terselesaikan
some,beberapa
something,sesuatu
sometimes,kadang
soon,segera
soonnya,segeranya
sooo,sangat
sooooo,sangat
sorry,maaf
sotoy,sok tau
sound,suara
sp,siapa
sp,sapa
speed,kecepatan
spend,menghabiskan
sperti,seperti
spertinya,sepertinya
sprt,seperti
sprti,seperti
spt,seperti
spti,seperti
spy,supaya
srng,sering
srpti,seperti
srruu,seru
srta,serta
ssorg,seseorang
sstu,sesuatu
staf2nya,staf-stafnya
stagahhhh,astaga
stage,panggung
stagenya,panggungnya
stamina,stamina
staminanya,staminanya
star,bintang
started,dimulai
starter,pemula
statusx,statusnya
stay,tinggal
steess,stres
stelah,setelah
step,langkah
stiap,setiap
stidaknya,setidaknya
still,masih
stimpal,setimpal
stingy,pelit
stju,setuju
stlh,setelah
stop,berhenti
story,cerita
storyline,alur cerita
storylinenya,alur ceritanya
storynya,ceritanya
storyyyy,cerita
stp,setiap
stress,stres
sttus,status
stu,satu
stuck,macet
studio,studio
stuju,setuju
stunning,menakjubkan
stupid,bodoh
suami'y,suaminya
suamiii,suami
suamiiiii,suami
suaminga,suaminya
suaminy,suaminya
suara,suara
suaranya,suaranya
suaranyaa,suaranya
suaranyaaaaaa,suaranya
suaraynyaa,suaranya
suarranya,suaranya
subahanallah,subhanallah
subhanaallahh,subhanallah
subhanallahhh,subhanallah
subhanalloh,subhanallah
subhannallah,subhanallah
subhnallah,subhanallah
suces,sukses
such,seperti
sucses,sukses
sud,sudah
suda,sudah
sudaah,sudah
sudab,sudah
sudden,tiba-tiba
suddenly,tiba-tiba
sudh,sudah
suerrr,suer
suggestion,saran
suipit,sipit
suk,suka
suka,suka
suka.a,sukanya
suka2,suka-suka
sukaa,suka
sukaaa,suka
sukaaaa,suka
sukaaaaaa,suka
sukaaak,suka
sukak,suka
sukakkk,suka
sukam,suka
suke,suka
sukkaa,suka
sukkkaaa,suka
suko,suka
sukse,sukses
suksea,sukses
suksess,sukses
sukur2,sukur-sukur
sumai,suami
sumpah,sumpah
sumpahh,sumpah
sumpeh,sumpah
sumvahh,sumpah
sunah2,sunah-sunah
sunggu,sungguh
sungguh2,sungguh-sungguh
supeer,super
surgaa,surga
suru,suruh
susah,susah
sweger,segar
swmntara,sementara
sy,saya
sya,saya
syang,sayang
syangnya,sayangnya
syantiek,cantik
syantiiiiikkkkkkkkkkkk,cantik
syantik,cantik
syediih,sedih
syediiihhh,sedih
syekaliii,sekali
syg,sayang
sygkuu,sayangku
"syirik""",syirik-syirik
syka,suka
syng,sayang
syngnya,sayangnya
synk,sayang
syp,siapa
sypa,siapa
syratnya,syaratnya
system,sistem
syukaaaaak,suka
syukaaakkk,suka
syulit,sulit
t4,tempat
taek,tahi
taekk,tahi
tah,teh
tahannn,tahan
"tahun""",tahun-tahun
tahun2,tahun-tahun
tai,tahi
taiiii,tahi
taiiiiii,tahi
taik,tahi
tak,tidak
take,ambil
takes,mengambil
taking,mengambil
takuttt,takut
takuuuuut,takut
talk,bicara
tamaaat,tamat
tamattt,tamat
tambahh,tambah
tambahi,tambahi
tambahim,tambahkan
tambahin,tambahkan
tambakan,tambahkan
tambh,tambah
tampialannya,tampilannya
tampilin,tampilkan
tamvann,tampan
tanda,tanda
tanda2nya,tanda-tandanya
tanggung2,tanggung-tanggung
tangkep,tangkap
"tante""",tante-tante
tante2,tante-tante
tantee,tante
tanteny,tantenya
tanya2,tanya-tanya
tanyain,tanyakan
tanyang,tayang
taon,tahun
tap8,tapi
tapi,tapi
tapii,tapi
tapiii,tapi
tapiiii,tapi
tapo,tapi
tappi,tapi
tar,entar
taro,taruh
tau,tahu
tau2,tau-tau
taun,tahun
tauu,tau
tauuu,tau
tauuuu,tau
tauuuuu,tau
taux,taunya
taw,tau
tay,tahi
tayik,tahi
taz,atas
tbuh,tubuh
td,tadi
tdak,tidak
tdi,tadi
tdk,tidak
tdnya,tadinya
tdr,tidur
tdung,tudung
tdur,tidur
team,tim
tebel,tebal
tebir,ribet
"tebir""",ribet-ribet
tegaar,tegar
teganggu,terganggu
teguran2,teguran-teguran
tehh,teh
tehhh,teh
tehhhh,teh
teka,teka
tekateki,teka-teki
telaatt,telat
telat,terlambat
telefisi,televisi
telimakacih,terima kasih
tell,beritahu
telling,memberitahu
"teman""ny",teman-temannya
teman2,teman-teman
tembemmm,tembem
tembokk,tembok
temen,teman
temen-temen,teman-teman
"temen""",teman-teman
temen2,teman-teman
temenan,berteman
temenkuuh,temanku
temenn,teman
temennya,temannya
tempat2,tempat-tempat
tempt,tempat
tenaganya,tenaganya
tenan,tenang
tengah2,tengah-tengah
tengaj,tengah
tenggah,tengah
tengok,lihat
tenny,tenang
tentanh,tentang
terangkhn,terangkan
teratur,teratur
terbaeeeek,terbaik
terbaeq,terbaik
terbaiiikkkkk,terbaik
terbaikkk,terbaik
terburu2,terburu-buru
terhaaru,terharu
terharuuu,terharu
terharuuuu,terharu
terima,terima
terimakasih,terima kasih
terimaksih,terima kasih
teringt,teringat
terjrumus,terjerumus
terkenall,terkenal
terkuras,terkuras
terlampu,terlampau
termiribkan,termiripkan
terms,syarat
termuraaahhhh,termurah
termurahhh,termurah
termurahhhh,termurah
ternodain,ternodai
ternyataa,ternyata
terong2an,terong-terongan
terossss,terus
terrrrbaik,terbaik
tersambubg,tersambung
teru,terus
terus,terus
"terus""an",terus-terusan
terus2an,terus-terusan
teruss,terus
terusss,terus
terussss,terus
teruuss,terus
teruz,terus
teruzzz,terus
tess,tes
test,tes
testi,testimoni
testinya,testimoninya
tetapi,tetapi
tetaplaah,tetaplah
tetapppp,tetap
tetehh,teteh
tetep,tetap
tetp,tetap
teyuss,terus
tgk,tengok
tgl,tanggal
th,tahun
th,teh
th,tahu
th2,tahun-tahun
thaks,terima kasih
than,tahan
than,daripada
thank,terima kasih
thanks,terima kasih
thankss,terima kasih
thanksyoui,terima kasih
thankyou,terima kasih
that,itu
thats,itu
thdp,terhadap
them,mereka
then,kemudian
therchakitty,tersakiti
there,sana
therell,akan ada
theres,ada
they,mereka
thing,hal
think,pikir
thinking,berpikir
this,ini
thks,terima kasih
thn,tahun
thnan,tahunan
tho,walaupun
thor,thor
those,itu
thou,kamu
though,walaupun
thought,pikiran
thu,tuh
thu,itu
thumbs,jempol
thun,tahun
thx,terima kasih
tiap,setiap
tiba,tiba
tiba2,tiba-tiba
tidak,tidak
tidakkkk,tidak
tiga2nya,tiga-tiganya
tikung2,tikung-tikung
till,sampai
time,waktu
times,kali
tingal,tinggal
tinggalin,tinggalkan
tinggalkn,tinggalkan
tinggall,tinggal
tinggl,tinggal
tipe2,tipe-tipe
tips2,tips-tips
tipu2nya,tipu-tipunya
tium,cium
tk,tak
tkut,takut
tlg,tolong
tlog,tolong
tlong,tolong
tlp,telepon
tlsn,tulisan
tlvn,telepon
tman,teman
tmbah,tambah
tmbh,tambah
tmbhan,tambahan
tmbm,tembam
tmen,teman
tmn,teman
tmn2,teman-teman
tmn2nya,teman-temannya
tmpt,tempat
tnang,tenang
tnggl,tanggal
tnggu,tunggu
tngh,tengah
tnks,terima kasih
tnp,tanpa
tnpa,tanpa
tntg,tentang
tntram,tentram
tnya,tanya
to,tapi
to,untuk
tohh,toh
tokayyy,tahi
toketnya,teteknya
tolernsi,toleransi
tolong,tolong
toloollll,tolol
tongolin,menongol
too,juga
took,mengambil
top,top
topup,top up
tot,entot
totaly,total
tp,tapi
tpi,tapi
tpii,tapi
tpy,tapi
tq,terima kasih
train,latih
translate,terjemahkan
trapped,terjebak
trasa,terasa
trbaik,terbaik
trbaikk,terbaik
trbukti,terbukti
trganggu,terganggu
trhtung,terhitung
trima,terima
trims,terima kasih
trjadi,terjadi
trjd,terjadi
trknal,terkenal
trkrim,terkirim
trlalu,terlalu
trlihat,terlihat
trll,terlalu
trllu,terlalu
trmanis,termanis
trmasuk,termasuk
trmksh,terima kasih
trmsuk,termasuk
trnyata,ternyata
troma,trauma
trouble,masalah
troublesome,menyusahkan
trpsah,terpisah
trrharu,terharu
trs,terus
trsa,terasa
trserah,terserah
trserh,terserah
trsrh,terserah
trun,turun
trus,terus
trusan.a,terusannya
trusss,terus
trussss,terus
trutama,terutama
try,coba
tryata,ternyata
tsb,tersebut
ttap,tetap
tteh,teteh
ttep,tetap
ttg,tentang
tth,teteh
ttinggi,tinggi
ttp,tetap
tttttttttttrr,ter
tu,itu
tua2,tua-tua
tuany,tuanya
tuch,tuh
tudaj,tunjuk
tuh,itu
tuhanny,tuhannya
tuhh,tuh
tuhhh,tuh
tuk,untuk
tukan,tukang
tullus,tulus
tumpe2,tumpah-tumpah
tunggu2,tunggu-tunggu
tunjukan,tunjukkan
tunjukin,tunjukkan
turn,giliran
tutorialx,tutorialnya
tutupin,menutupi
tuu,tuh
tuuh,tuh
tuuu,itu
tuuuuh,tuh
tuwanya,tuanya
tuwek,tua
tw,tau
twist,putar
tx,tak
type,tipe
u,untuk
u,lu
uaaasssiiiik,asik
ubur2,ubur-ubur
ucapin,mengucapkan
ucul,lucu
ucull,lucu
ucullllll,lucu
ud,sudah
uda,sudah
udah,sudah
udah2,sudah-sudah
udahh,sudah
udahlah,sudahlah
udeh,sudah
udehh,sudah
udh,sudah
uga,juga
ugaaa,juga
ugha,juga
ughaa,juga
uhh,uh
uhhh,uh
uih,uh
uitnya,duitnya
ujg,ujung
ujung2,ujung-ujung
ujunggg,ujung
ulan,ulang
ulasannya,ulasannya
ultahe,ultahnya
ultha,ultah
undangan2,undangan-undangan
understand,mengerti
unforgiven,tidak termaafkan
unfortunate,sayang
unfortunatelly,sayangnya
unfortunately,sayangnya
ungkapin,ungkapkan
ungkit2,ungkit-ungkit
unhappy,tidak bahagia
uninstal,uninstall
uninstall,uninstall
uninstalled,uninstall
uninstalll,uninstall
unique,unik
unistall,uninstall
univ,universitas
unknown,tidak diketahui
unless,kecuali
unpredicteble,tidak terduga
unreachable,tidak terjangkau
unsinstall,uninstall 
until,sampai
untk,untuk
untu,untuk
untuk,untuk
untung,untung
untungnya,untungnya
unyu2,unyu-unyu
unyuu,unyu
unyuuk,unyu
up,naik
upcoming,akan datang
update,update
updatenya,update
updates,update
updating,update
ur,kamu
urat2nya,urat-uratnya
ursan,urusan
urusanny,urusannya
urusin,mengurusi
urusin,urus
urusn,urusan
us,kami
usa,usah
usage,penggunaan
usahh,usah
use,gunakan
used,digunakan
useless,tidak berguna
user,pengguna
users,pengguna
ush,usah
using,menggunakan
ustzah,ustazah
utk,untuk
utkmu,untukmu
uuh,uh
uuhh,uh
uuhhh,uh
uuuuuaaaaaaaaaappppppppppiiiiiiiiiiiiiiiiiikkkkkkkkkkkkkkkk,apik
uwahhhhh,wah
uwakk,uwak
uwee,gue
uztad,ustad
vary,bervariasi
veey,sangat
vefer,sangat
verrryyy,sangat
verry,sangat
version,versi
very,sangat
veryyyyyyyyyy,sangat
vibes,suasana
videonya,videonya
vidio,video
villa,vila
voba,coba
voice,suara
w,gue
wa,wah
"WA:081210238087""",abreviasi
"WA:081210238087""",anaptiksis
"WA:081210238087""",monoftongisasi
"WA:081210238087""",afiksasi
"WA:081210238087""",zeroisasi
"WA:081210238087""",modifikasi vokal
waaa,wah
waaaaaaaay,jauh
waaaaw,wow
waaahhh,wah
waaaww,wow
waaawwww,wow
waah,wah
wadaaw,waduh
wado,waduh
waduhh,waduh
waduhhh,waduh
waduuuuh,waduh
wagelaseh,wah
wahh,wah
wahhh,wah
wahhhhhh,wah
wait,tunggu
waited,menunggu
waiting,menunggu
wajarrr,wajar
wajiiib,wajib
waktu,waktu
waktunyaaa,waktunya
walaupun,walaupun
walik,balik
wan,ingin
wanitah,wanita
wanjerrr,anjir
wanjiir,anjir
want,ingin
wants,ingin
waoohhh,wah
waqtu,waktu
warbiyasah,luar biasa
warkop,warung kopi
warnaaa,warna
warnany,warnanya
was,adalah
wasful,waspada
wasnt,tidak
watch,menonton
watching,menonton
waw,wow
wawa,wawa
wawan,wawan
waww,wow
wawwwww,wow
way,cara
wdooohhh,waduh
we,kami
weak,lemah
weeeh,wih
week,wig
week,minggu
well,baik
welp,yaelah
wenak,enak
wenakk,enak
went,pergi
were,adalah
wewww,wow
wey,hei
what,apa
whats,apa
when,ketika
where,dimana
which,yang
while,sementara
whit,dengan
who,siapa
whole,seluruh
wht,apa
why,kenapa
widihh,waduh
widihh,idih
wih,wah
wihh,wih
wihhh,wih
wihhhhhh,wih
wiih,wih
wiiiihhhh,wih
wiiiihhhhhhhhh,wih
wik,wig
will,akan
willing,bersedia
win,menang
wiped,menghapus
wisdow,kebijaksanaan
wish,harapan
with,dengan
without,tanpa
wjh,wajah
wk,waktu
wkt,waktu
wktu,waktu
wktunya,waktunya
wlau,walau
wlaupun,walaupun
wlawpun,walaupun
wlo,walau
wlwpun,walaupun
woe,woi
woey,woy
wokeh,oke
woles,selow
wonderful,indah
wonderfull,indah
wong2,wong-wong
woooiiiii,woy
woooiiiiiiii,woy
wooow,wow
wooowww,wow
woooyy,woy
woow,wow
woowwww,wow
work,kerja
working,bekerja
worst,terburuk
worth,berharga
wota2,wota-wota
would,akan
wouww,wow
wowoooww,wow
woww,wow
wowww,wow
wowwww,wow
wowwwww,wow
woy,wow
woyyy,woy
wqktu,waktu
wrn,warna
wrong,salah
wuastagah,astaga
x,kali
xlian,kalian
y,ya
y,saya
y,nya
ya,ya
yaa,ya
yaaa,ya
yaaa ,ya
yaaaa,ya
yaaaaaa,ya
yaaah,ya
yaaampunnn,ya ampun
yaaang,yang
yaah,ya
yaahh,ya
yaahhh,ya
yaak,ya
yaakk,ya
yaakkk,ya
yaampuuuunnnn,ya ampun
yaang,yang
yach,ya
yachhh,ya
yaelahhh,alah
yah,ya
yahbh,ya
yahh,ya
yahhh,ya
yahhhh,ya
yaitu,yaitu
yak,ya
yakaliiiii,yakali
yakin,yakin
yakinn,yakin
yakk,ya
yam,ya
yanckh,yang
yang,yang
yank,sayang
yankkk,sayang
yaoloh,yaallah
yaolohh,ya allah
yap,ya
yapbc,ya 
yapi,tapi
yapp,ya
yappp,ya
yaudah,sudah
yaudh,ya sudah
yawlah,ya allah
yawloh,ya allah
yayang,sayang
yeah,ya
yee,ya
yeeaaaaaaah,ya
yeee,ya
yeeee,ya
yep,ya
yes,ya
yet,masih
yeuh,ya
yg,yang
ygs,sayang
yh,ya
yha,ya
yhaaa,ya
yng,yang
ynk,sayang
yo,ya
yoiii,yoi
yoiiu,yoi
yok,yuk
yokk,yuk
yokkk,yuk
yoo,ayo
yoo,ya
yoo,yo
yook,yuk
yoooiii,yoi
yoookkkk,yuk
yooookkk,yuk
yooow,ya
york,york 
you,kamu
your,milikmu
youre,kamu
youtube,youtube 
youuu,kamu
yq,yang
ysh,ya
yt,youtube
yu,yuk
yuh,tuh
yukk,yuk
yukkk,yuk
yukkkk,yuk
yuks,yuk
yukss,yuk
yup,ya
yuppss,ya
yuu,yuk
yuuk,yuk
yuukk,yuk
yuuks,yuk
yuuu,yuk
yuuuk,yuk
yuuuuk,yuk
yuuuukkk,yuk
yuwkkk,yuk
yya,ya
yyaaa,ya
z,saja
za,saja
zama,zaman